Monit_MAP_CODE1,Year,GARAGE_mean,BASEMENT_mean,OTHER_COOLING,UNKNOWN_COOLING,FORCED AIR_COOLING,N_COOLING,Y_COOLING,1 AC UNIT_COOLING,A/CON_COOLING,CENTRAL W/AIR COND_COOLING,1_COOLING,0_COOLING,CONDOMINIUM,UNKNOWN_DWELL_TYPE,OTHER_DWELL,SINGLE-FAMILY / OWNER OCCUPIED,TOWNHOUSE,S.FAM.RES
82008900-01,2012,0.7789685197588747,0.8526456798392499,0.0,0.14735432016075017,0.0,0.0006697923643670462,0.8519758874748827,0.0,0.0,0.0,0.0,0.0,0.144675150703282,0.14735432016075017,0.0,0.3034159410582719,0.4045545880776959,0.0
82008900-01,2014,0.755685510071475,0.8271604938271605,0.0,0.1728395061728395,0.0,0.000649772579597141,0.8265107212475633,0.0,0.0,0.0,0.0,0.0,0.14035087719298245,0.1728395061728395,0.0,0.29434697855750486,0.39246263807667314,0.0
82009002-01,2012,0.944078947368421,0.9444444444444444,0.0,0.05555555555555555,0.0,0.013888888888888888,0.9305555555555556,0.0,0.0,0.0,0.0,0.0,0.06286549707602339,0.05555555555555555,0.0007309941520467836,0.7880116959064327,0.09283625730994152,0.0
19034800-01,2010,0.0,0.0,0.0,1.0,0.0,0.0,0.0,0.0,0.0,0.0,0.0,0.0,0.0,0.026530612244897958,0.09387755102040816,0.0,0.3610544217687075,0.5185374149659864
27004201-01,2009,0.9139409797935747,0.03663323157435674,0.0,0.24872801279255705,0.7512719872074429,0.0,0.0,0.0,0.0,0.0,0.0,0.0,0.0,1.0,0.0,0.0,0.0,0.0
82008700-01,2012,0.8181818181818182,0.8275058275058275,0.0,0.17249417249417248,0.0,0.030303030303030304,0.7972027972027972,0.0,0.0,0.0,0.0,0.0,0.0,0.17249417249417248,0.0,0.7552447552447552,0.07226107226107226,0.0
82007700-01,2014,0.7653061224489796,0.7857142857142857,0.0,0.21428571428571427,0.0,0.20408163265306123,0.5816326530612245,0.0,0.0,0.0,0.0,0.0,0.0,0.21428571428571427,0.0,0.7857142857142857,0.0,0.0
82009700-01,2010,0.8074553296364757,0.9091189155884165,0.0012322858903265558,0.1361675908810844,0.0,0.0,0.8619839802834257,0.0,0.0,0.0006161429451632779,0.0,0.0,0.0006161429451632779,0.09088108441158349,0.0061614294516327784,0.5899568699938386,0.3123844731977819,0.0
82009200-01,2014,0.7777777777777778,0.8389694041867954,0.0,0.1610305958132045,0.0,0.011272141706924315,0.8276972624798712,0.0,0.0,0.0,0.0,0.0,0.061191626409017714,0.1610305958132045,0.001610305958132045,0.6666666666666666,0.10950080515297907,0.0
82009700-01,2004,0.0,0.0018275967103259215,0.0012183978068839476,0.998172403289674,0.0,0.0,0.0,0.0,0.0006091989034419738,0.0,0.0,0.0,0.0,0.998172403289674,0.0018275967103259215,0.0,0.0,0.0
19002300-01,2011,0.0,0.0,0.0,1.0,0.0,0.0,0.0,0.0,0.0,0.0,0.0,0.0,0.0,0.02652683528685996,0.0006169031462060457,0.0,0.1714990746452807,0.8013571869216533
19002700-01,2013,0.0,0.0,0.023694130317716746,0.09693053311793215,0.8793753365643511,0.0,0.0,0.0,0.0,0.0,0.0,0.0,0.0,0.07862143241787829,0.05977382875605816,0.0,0.11308562197092084,0.7485191168551427
10005200-01,2013,0.5676251331203408,0.0,0.008519701810436636,0.48242811501597443,0.0,0.0,0.0,0.5090521831735889,0.0,0.0,0.0,0.0,0.0,1.0,0.0,0.0,0.0,0.0
19002200-01,2014,0.0,0.0,0.003887269193391642,0.036734693877551024,0.9593780369290573,0.0,0.0,0.0,0.0,0.0,0.0,0.0,0.0,0.028182701652089408,0.011273080660835762,0.0,0.16132167152575316,0.7992225461613217
82009002-01,2014,0.9371594624046494,0.9375227025063567,0.0,0.0624772974936433,0.0,0.013076643661460226,0.9244460588448965,0.0,0.0,0.0,0.0,0.0,0.0624772974936433,0.0624772974936433,0.000726480203414457,0.782055938975663,0.09226298583363603,0.0
19002500-01,2010,0.0,0.0,0.0,1.0,0.0,0.0,0.0,0.0,0.0,0.0,0.0,0.0,0.0,0.03210815378115758,0.01394169835234474,0.0,0.010984368398817067,0.9429657794676806
82009200-01,2010,0.7620578778135049,0.8231511254019293,0.0,0.18810289389067525,0.0,0.0,0.8118971061093248,0.0,0.0,0.0,0.0,0.0,0.06109324758842444,0.17684887459807075,0.0,0.6591639871382636,0.10289389067524116,0.0
82009200-01,2012,0.7768860353130016,0.8378812199036918,0.0,0.16211878009630817,0.0,0.011235955056179775,0.826645264847512,0.0,0.0,0.0,0.0,0.0,0.060995184590690206,0.16211878009630817,0.0016051364365971107,0.666131621187801,0.10914927768860354,0.0
19002400-01,2007,0.0,0.0,0.0,1.0,0.0,0.0,0.0,0.0,0.0,0.0,0.0,0.0,0.0,0.0687768659632669,0.16451738960531456,0.0,0.47909339585775695,0.2876123485736616
19002100-01,2004,0.0,0.0,0.0,1.0,0.0,0.0,0.0,0.0,0.0,0.0,0.0,0.0,0.0,0.0526027397260274,0.04821917808219178,0.0,0.2821917808219178,0.616986301369863
82012300-01,2009,0.0,0.0,0.0,1.0,0.0,0.0,0.0,0.0,0.0,0.0,0.0,0.0,0.0,1.0,0.0,0.0,0.0,0.0
82011301-01,2012,0.6916666666666667,0.7,0.0,0.3,0.0,0.008333333333333333,0.6916666666666667,0.0,0.0,0.0,0.0,0.0,0.0,0.3,0.0,0.7,0.0,0.0
82009200-01,2013,0.7768860353130016,0.8378812199036918,0.0,0.16211878009630817,0.0,0.011235955056179775,0.826645264847512,0.0,0.0,0.0,0.0,0.0,0.060995184590690206,0.16211878009630817,0.0016051364365971107,0.666131621187801,0.10914927768860354,0.0
10012100-01,2013,0.6589147286821705,0.0,0.0,0.5658914728682171,0.0,0.0,0.0,0.43410852713178294,0.0,0.0,0.0,0.0,0.0,1.0,0.0,0.0,0.0,0.0
19002900-01,2012,0.0,0.0,0.10804416403785488,0.11514195583596215,0.776813880126183,0.0,0.0,0.0,0.0,0.0,0.0,0.0,0.0,0.10252365930599369,0.15851735015772872,0.0,0.0583596214511041,0.6805993690851735
82015300-01,2007,0.0,0.0,0.0,1.0,0.0,0.0,0.0,0.0,0.0,0.0,0.0,0.0,0.0,1.0,0.0,0.0,0.0,0.0
82003400-01,2005,0.0,0.0,0.0,1.0,0.0,0.0,0.0,0.0,0.0,0.0,0.0,0.0,0.0,1.0,0.0,0.0,0.0,0.0
19002601-01,2010,0.0,0.0,0.0,1.0,0.0,0.0,0.0,0.0,0.0,0.0,0.0,0.0,0.0,0.17104303428154632,0.027716994894237783,0.0,0.11688548504741066,0.6843544857768052
19002400-01,2006,0.0,0.0,0.0,1.0,0.0,0.0,0.0,0.0,0.0,0.0,0.0,0.0,0.0,0.06799531066822978,0.16451738960531456,0.0,0.47909339585775695,0.28839390386869873
19003300-01,2006,0.0,0.0,0.0,1.0,0.0,0.0,0.0,0.0,0.0,0.0,0.0,0.0,0.0,0.07181442643787735,0.05560851604702892,0.0,0.3228471560216079,0.5497299014934859
82036800-01,2012,0.7423076923076923,0.7730769230769231,0.0,0.22692307692307692,0.0,0.12307692307692308,0.65,0.0,0.0,0.0,0.0,0.0,0.0,0.22692307692307692,0.0,0.7423076923076923,0.03076923076923077,0.0
82010300-01,2010,0.8859649122807017,0.9133771929824561,0.0,0.12609649122807018,0.0,0.0,0.8739035087719298,0.0,0.0,0.0,0.0,0.0,0.0,0.08662280701754387,0.0010964912280701754,0.7467105263157895,0.16557017543859648,0.0
19002200-01,2012,0.0,0.0,0.003887269193391642,0.03945578231292517,0.9566569484936832,0.0,0.0,0.0,0.0,0.0,0.0,0.0,0.0,0.031292517006802724,0.011273080660835762,0.0,0.16132167152575316,0.7961127308066084
82012200-01,2014,0.7109826589595376,0.7601156069364162,0.0,0.2398843930635838,0.0,0.049132947976878616,0.7109826589595376,0.0,0.0,0.0,0.0,0.0,0.0,0.2398843930635838,0.005780346820809248,0.7543352601156069,0.0,0.0
82033400-01,2005,0.0,0.0,0.0,1.0,0.0,0.0,0.0,0.0,0.0,0.0,0.0,0.0,0.0,1.0,0.0,0.0,0.0,0.0
19002700-01,2011,0.0,0.0,0.0,1.0,0.0,0.0,0.0,0.0,0.0,0.0,0.0,0.0,0.0,0.07866379310344827,0.059267241379310345,0.0,0.11314655172413793,0.7489224137931034
82002000-01,2004,0.0,0.0,0.0,1.0,0.0,0.0,0.0,0.0,0.0,0.0,0.0,0.0,0.0,1.0,0.0,0.0,0.0,0.0
27005300-01,2005,0.0,0.0,0.0,1.0,0.0,0.0,0.0,0.0,0.0,0.0,0.0,0.0,0.0,1.0,0.0,0.0,0.0,0.0
19044600-01,2014,0.0,0.0,0.003001715265866209,0.04095197255574614,0.9560463121783876,0.0,0.0,0.0,0.0,0.0,0.0,0.0,0.0,0.024871355060034305,0.007718696397941681,0.0,0.05445969125214408,0.9129502572898799
82002000-01,2005,0.0,0.0,0.0,1.0,0.0,0.0,0.0,0.0,0.0,0.0,0.0,0.0,0.0,1.0,0.0,0.0,0.0,0.0
82008900-01,2009,0.0,0.0,0.0,1.0,0.0,0.0,0.0,0.0,0.0,0.0,0.0,0.0,0.0,1.0,0.0,0.0,0.0,0.0
82007700-01,2004,0.0,0.0,0.0,1.0,0.0,0.0,0.0,0.0,0.0,0.0,0.0,0.0,0.0,1.0,0.0,0.0,0.0,0.0
82013700-01,2014,0.7925581395348837,0.8055813953488372,0.027906976744186046,0.1925581395348837,0.0,0.009302325581395349,0.3497674418604651,0.0,0.0,0.4204651162790698,0.0,0.0,0.0,0.19441860465116279,0.44651162790697674,0.3590697674418605,0.0,0.0
19002200-01,2005,0.0,0.0,0.0,1.0,0.0,0.0,0.0,0.0,0.0,0.0,0.0,0.0,0.0,0.03917406406792744,0.012350443844075647,0.0,0.16016981860285603,0.7883056734851409
82009002-01,2013,0.940983606557377,0.9413479052823315,0.0,0.05865209471766849,0.0,0.01347905282331512,0.9278688524590164,0.0,0.0,0.0,0.0,0.0,0.06265938069216757,0.05865209471766849,0.0007285974499089253,0.7854280510018214,0.09253187613843351,0.0
19002900-01,2013,0.0,0.0,0.10804416403785488,0.11514195583596215,0.776813880126183,0.0,0.0,0.0,0.0,0.0,0.0,0.0,0.0,0.10252365930599369,0.15851735015772872,0.0,0.0583596214511041,0.6805993690851735
82009700-01,2008,0.0,0.0018281535648994515,0.001218769043266301,0.9981718464351006,0.0,0.0,0.0,0.0,0.0006093845216331506,0.0,0.0,0.0,0.0,0.9981718464351006,0.0018281535648994515,0.0,0.0,0.0
82009700-01,2013,0.777264325323475,0.9208256315465188,0.0012322858903265558,0.0791743684534812,0.0,0.041589648798521256,0.8773875539125077,0.0,0.0,0.0006161429451632779,0.0,0.0,0.0006161429451632779,0.0791743684534812,0.004929143561306223,0.5967344423906347,0.3185459026494147,0.0
82009700-01,2007,0.0,0.0018281535648994515,0.001218769043266301,0.9981718464351006,0.0,0.0,0.0,0.0,0.0006093845216331506,0.0,0.0,0.0,0.0,0.9981718464351006,0.0018281535648994515,0.0,0.0,0.0
19002601-01,2013,0.0,0.0,0.024583963691376703,0.136535552193646,0.8388804841149773,0.0,0.0,0.0,0.0,0.0,0.0,0.0,0.0,0.11081694402420575,0.028933434190620274,0.0,0.1212178517397882,0.7390317700453858
19034800-01,2007,0.0,0.0,0.0,1.0,0.0,0.0,0.0,0.0,0.0,0.0,0.0,0.0,0.0,0.031818955249276845,0.09324485281606262,0.0,0.35715501106006464,0.5177811808745959
10000200-01,2005,0.03270440251572327,0.0,0.010062893081761006,0.9672955974842767,0.0,0.0,0.0,0.022641509433962263,0.0,0.0,0.0,0.0,0.0,1.0,0.0,0.0,0.0,0.0
82012200-01,2012,0.7109826589595376,0.7572254335260116,0.0,0.24277456647398843,0.0,0.049132947976878616,0.708092485549133,0.0,0.0,0.0,0.0,0.0,0.0,0.24277456647398843,0.005780346820809248,0.7514450867052023,0.0,0.0
82010400-01,2010,0.7817109144542773,0.8436578171091446,0.0,0.25073746312684364,0.0,0.0,0.7492625368731564,0.0,0.0,0.0,0.0,0.0,0.0,0.15634218289085547,0.0,0.8436578171091446,0.0,0.0
82015300-01,2010,0.7484276729559748,0.8081761006289309,0.0,0.3333333333333333,0.0,0.0,0.6666666666666666,0.0,0.0,0.0,0.0,0.0,0.0,0.1918238993710692,0.009433962264150943,0.7987421383647799,0.0,0.0
82010300-01,2011,0.8902305159165752,0.9154774972557629,0.0,0.0845225027442371,0.0,0.04061470911086718,0.8748627881448957,0.0,0.0,0.0,0.0,0.0,0.0,0.0845225027442371,0.0021953896816684962,0.7464324917672887,0.1668496158068057,0.0
19002300-01,2014,0.0,0.0,0.005550416281221091,0.03700277520814061,0.9574468085106383,0.0,0.0,0.0,0.0,0.0,0.0,0.0,0.0,0.026518655565834104,0.0006167129201356768,0.0,0.17144619179771817,0.8014184397163121
10005200-01,2007,0.19922380336351875,0.0,0.007761966364812419,0.6946959896507116,0.0,0.0,0.0,0.2975420439844761,0.0,0.0,0.0,0.0,0.0,1.0,0.0,0.0,0.0,0.0
19002900-01,2006,0.0,0.0,0.0,1.0,0.0,0.0,0.0,0.0,0.0,0.0,0.0,0.0,0.0,0.11773818745158791,0.15491866769945778,0.0,0.05731990704879938,0.6700232378001549
19002500-01,2014,0.0,0.0,0.005091217649554518,0.05770046669495121,0.9372083156554942,0.0,0.0,0.0,0.0,0.0,0.0,0.0,0.0,0.031395842172252865,0.00975816716164616,0.0,0.01103097157403479,0.9478150190920662
19002601-01,2012,0.0,0.0,0.024967148488830485,0.15993992866529003,0.8150929228458795,0.0,0.0,0.0,0.0,0.0,0.0,0.0,0.0,0.133658719729679,0.02890932982917214,0.0,0.12033039234090483,0.717101558100244
19002601-01,2004,0.0,0.0,0.0,1.0,0.0,0.0,0.0,0.0,0.0,0.0,0.0,0.0,0.0,0.1573170731707317,0.021544715447154472,0.0,0.08739837398373984,0.733739837398374
19003300-01,2013,0.0,0.0,0.06310367031551835,0.06761107533805538,0.8692852543464262,0.0,0.0,0.0,0.0,0.0,0.0,0.0,0.0,0.05119124275595621,0.0643915003219575,0.0,0.3271088216355441,0.5573084352865422
82002000-01,2012,0.5164750957854406,0.8279693486590038,0.0,0.17203065134099618,0.0,0.19272030651340996,0.6352490421455939,0.0,0.0,0.0,0.0,0.0,0.142911877394636,0.17203065134099618,0.10191570881226053,0.5325670498084292,0.05057471264367816,0.0
82002000-01,2006,0.0,0.0,0.0,1.0,0.0,0.0,0.0,0.0,0.0,0.0,0.0,0.0,0.0,1.0,0.0,0.0,0.0,0.0
82010300-01,2005,0.0,0.0,0.0,1.0,0.0,0.0,0.0,0.0,0.0,0.0,0.0,0.0,0.0,1.0,0.0,0.0,0.0,0.0
82002000-01,2010,0.5164750957854406,0.8260536398467433,0.0,0.3854406130268199,0.0,0.0,0.61455938697318,0.0,0.0,0.0,0.0,0.0,0.14329501915708812,0.1739463601532567,0.1103448275862069,0.5256704980842912,0.04674329501915709,0.0
82009002-01,2011,0.9082937522835222,0.9086591158202412,0.0,0.09134088417975886,0.0,0.014614541468761417,0.8940445743514798,0.0,0.0,0.0,0.0,0.0,0.06284252831567409,0.09134088417975886,0.00036536353671903543,0.7884545122396784,0.05699671172816953,0.0
82011602-01,2005,0.0,0.0,0.0,1.0,0.0,0.0,0.0,0.0,0.0,0.0,0.0,0.0,0.0,1.0,0.0,0.0,0.0,0.0
19002200-01,2004,0.0,0.0,0.0,1.0,0.0,0.0,0.0,0.0,0.0,0.0,0.0,0.0,0.0,0.04292589027911453,0.011934552454282965,0.0,0.15976900866217517,0.7853705486044273
10000200-01,2008,0.033962264150943396,0.0,0.010062893081761006,0.9308176100628931,0.0,0.0,0.0,0.05911949685534591,0.0,0.0,0.0,0.0,0.0,1.0,0.0,0.0,0.0,0.0
10000200-01,2012,0.20326223337515684,0.030112923462986198,0.010037641154328732,0.8143036386449184,0.1028858218318695,0.0,0.0,0.07277289836888332,0.0,0.0,0.0,0.0,0.0,1.0,0.0,0.0,0.0,0.0
10009500-01,2006,0.6418918918918919,0.0,0.02702702702702703,0.5135135135135135,0.0,0.0,0.0,0.4594594594594595,0.0,0.0,0.0,0.0,0.0,1.0,0.0,0.0,0.0,0.0
82015300-01,2014,0.7436708860759493,0.8037974683544303,0.0,0.1962025316455696,0.0,0.14240506329113925,0.6613924050632911,0.0,0.0,0.0,0.0,0.0,0.0,0.1962025316455696,0.006329113924050633,0.7974683544303798,0.0,0.0
82008700-01,2014,0.8125,0.8217592592592593,0.0,0.17824074074074073,0.0,0.03009259259259259,0.7916666666666666,0.0,0.0,0.0,0.0,0.0,0.0,0.17824074074074073,0.0,0.75,0.07175925925925926,0.0
82002000-01,2013,0.5196607555898227,0.8330763299922899,0.0,0.1669236700077101,0.0,0.19390902081727063,0.6391673091750193,0.0,0.0,0.0,0.0,0.0,0.14379336931380107,0.1669236700077101,0.10292983808789515,0.5354664610639939,0.05088666152659985,0.0
19034800-01,2004,0.0,0.0,0.0,1.0,0.0,0.0,0.0,0.0,0.0,0.0,0.0,0.0,0.0,0.1632617728531856,0.001038781163434903,0.0,0.31700138504155123,0.5186980609418282
19002200-01,2010,0.0,0.0,0.0,1.0,0.0,0.0,0.0,0.0,0.0,0.0,0.0,0.0,0.0,0.041409861325115566,0.011941448382126348,0.0,0.1598613251155624,0.7867873651771957
19002100-01,2006,0.0,0.0,0.0,1.0,0.0,0.0,0.0,0.0,0.0,0.0,0.0,0.0,0.0,0.051653457228751025,0.04700737906531839,0.0,0.2858704564088549,0.6154687072970757
70002600-01,2007,0.0,0.0,0.0,1.0,0.0,0.0,0.0,0.0,0.0,0.0,0.0,0.0,0.0,1.0,0.0,0.0,0.0,0.0
19002200-01,2013,0.0,0.0,0.003887269193391642,0.03751214771622935,0.958600583090379,0.0,0.0,0.0,0.0,0.0,0.0,0.0,0.0,0.028960155490767737,0.011273080660835762,0.0,0.16132167152575316,0.7984450923226434
10000200-01,2011,0.19824341279799249,0.0,0.010037641154328732,0.8143036386449184,0.1028858218318695,0.0,0.0,0.07277289836888332,0.0,0.0,0.0,0.0,0.0,1.0,0.0,0.0,0.0,0.0
27062700-01,2009,0.9011701677710419,0.15903002960665444,0.0,0.19441703087551107,0.8055829691244889,0.0,0.0,0.0,0.0,0.0,0.0,0.0,0.0,1.0,0.0,0.0,0.0,0.0
82002000-01,2011,0.51455938697318,0.8268199233716476,0.0,0.1731800766283525,0.0,0.19386973180076628,0.6329501915708812,0.0,0.0,0.0,0.0,0.0,0.142911877394636,0.1731800766283525,0.08275862068965517,0.5505747126436782,0.05057471264367816,0.0
10000200-01,2006,0.03535353535353535,0.0,0.010101010101010102,0.9356060606060606,0.0,0.0,0.0,0.054292929292929296,0.0,0.0,0.0,0.0,0.0,1.0,0.0,0.0,0.0,0.0
19003100-01,2006,0.0,0.0,0.0,1.0,0.0,0.0,0.0,0.0,0.0,0.0,0.0,0.0,0.0,0.28829389788293897,0.0018679950186799503,0.0,0.09339975093399751,0.6164383561643836
27003501-01,2004,0.0,0.0,0.0,1.0,0.0,0.0,0.0,0.0,0.0,0.0,0.0,0.0,0.0,1.0,0.0,0.0,0.0,0.0
27071100-01,2008,0.0,0.0,0.0,1.0,0.0,0.0,0.0,0.0,0.0,0.0,0.0,0.0,0.0,1.0,0.0,0.0,0.0,0.0
82011301-01,2010,0.6528925619834711,0.6611570247933884,0.0,0.34710743801652894,0.0,0.0,0.6528925619834711,0.0,0.0,0.0,0.0,0.0,0.0,0.33884297520661155,0.0,0.6611570247933884,0.0,0.0
19034800-01,2014,0.0,0.0,0.004107479034742427,0.03440013691596783,0.9614923840492897,0.0,0.0,0.0,0.0,0.0,0.0,0.0,0.0,0.017970220776998117,0.09652575731644703,0.0,0.36231387985623825,0.5231901420503167
10000200-01,2009,0.1509433962264151,0.0,0.010062893081761006,0.8251572327044026,0.10314465408805032,0.0,0.0,0.061635220125786164,0.0,0.0,0.0,0.0,0.0,1.0,0.0,0.0,0.0,0.0
82010400-01,2011,0.782991202346041,0.844574780058651,0.0,0.15542521994134897,0.0,0.0967741935483871,0.7478005865102639,0.0,0.0,0.0,0.0,0.0,0.0,0.15542521994134897,0.0,0.844574780058651,0.0,0.0
82015300-01,2011,0.7452830188679245,0.8081761006289309,0.0,0.1918238993710692,0.0,0.14465408805031446,0.6635220125786163,0.0,0.0,0.0,0.0,0.0,0.0,0.1918238993710692,0.009433962264150943,0.7987421383647799,0.0,0.0
19002400-01,2010,0.0,0.0,0.0,1.0,0.0,0.0,0.0,0.0,0.0,0.0,0.0,0.0,0.0,0.07543443917851501,0.15363349131121642,0.0,0.4794628751974723,0.2914691943127962
19002900-01,2005,0.0,0.0,0.0,1.0,0.0,0.0,0.0,0.0,0.0,0.0,0.0,0.0,0.0,0.1275115919629057,0.15146831530139104,0.0,0.0571870170015456,0.6638330757341576
82036800-01,2010,0.7394636015325671,0.7701149425287356,0.0,0.3524904214559387,0.0,0.0,0.6475095785440613,0.0,0.0,0.0,0.0,0.0,0.0,0.22988505747126436,0.0,0.7394636015325671,0.03065134099616858,0.0
19002300-01,2010,0.0,0.0,0.0,1.0,0.0,0.0,0.0,0.0,0.0,0.0,0.0,0.0,0.0,0.03633587786259542,0.0006106870229007634,0.0,0.16977099236641222,0.7932824427480916
19003100-01,2014,0.0,0.0,0.022321428571428572,0.27933673469387754,0.6983418367346939,0.0,0.0,0.0,0.0,0.0,0.0,0.0,0.0,0.24489795918367346,0.0031887755102040817,0.0,0.09566326530612244,0.65625
19002601-01,2008,0.0,0.0,0.0,1.0,0.0,0.0,0.0,0.0,0.0,0.0,0.0,0.0,0.0,0.1735718196751232,0.029202409198758897,0.0,0.11735718196751233,0.6798685891586056
82009400-01,2012,0.864585893339887,0.9461784222167609,0.0,0.05382157778323912,0.0,0.004669451953797002,0.9415089702629639,0.0,0.0,0.0,0.0,0.0,0.10174490046694519,0.05382157778323912,0.0007372818874416319,0.7122143032686163,0.13148193659375768,0.0
82002000-01,2008,0.0,0.0,0.0,1.0,0.0,0.0,0.0,0.0,0.0,0.0,0.0,0.0,0.0,1.0,0.0,0.0,0.0,0.0
82009002-01,2008,0.0,0.0,0.0,1.0,0.0,0.0,0.0,0.0,0.0,0.0,0.0,0.0,0.0,1.0,0.0,0.0,0.0,0.0
19002100-01,2005,0.0,0.0,0.0,1.0,0.0,0.0,0.0,0.0,0.0,0.0,0.0,0.0,0.0,0.05525164113785558,0.047045951859956234,0.0,0.2817286652078775,0.6159737417943107
82008900-01,2010,0.8021462105969148,0.8403755868544601,0.0,0.1602951039570758,0.0,0.0,0.8397048960429242,0.0,0.0,0.0,0.0,0.0,0.1441985244802146,0.1596244131455399,0.0,0.3004694835680751,0.39570757880617036,0.0
27005300-01,2013,0.7219258651347285,0.49541786349336614,0.0,0.30679797565312544,0.541923129530844,0.15127889481603063,0.0,0.0,0.0,0.0,0.0,0.0,0.0,1.0,0.0,0.0,0.0,0.0
19002500-01,2013,0.0,0.0,0.005091217649554518,0.05854900296987696,0.9363597793805685,0.0,0.0,0.0,0.0,0.0,0.0,0.0,0.0,0.03224437844717862,0.00975816716164616,0.0,0.01103097157403479,0.9469664828171405
19003300-01,2012,0.0,0.0,0.06310367031551835,0.06761107533805538,0.8692852543464262,0.0,0.0,0.0,0.0,0.0,0.0,0.0,0.0,0.05119124275595621,0.0643915003219575,0.0,0.3271088216355441,0.5573084352865422
82009400-01,2011,0.8658415841584158,0.946039603960396,0.0,0.05396039603960396,0.0,0.004702970297029703,0.9413366336633663,0.0,0.0,0.0,0.0,0.0,0.10247524752475247,0.05396039603960396,0.00024752475247524753,0.7173267326732673,0.125990099009901,0.0
19002200-01,2009,0.0,0.0,0.0,1.0,0.0,0.0,0.0,0.0,0.0,0.0,0.0,0.0,0.0,0.04120932023878298,0.012709416522241479,0.0,0.15983054111303677,0.7862507221259387
27007000-01,2005,0.0,0.0,0.0,1.0,0.0,0.0,0.0,0.0,0.0,0.0,0.0,0.0,0.0,1.0,0.0,0.0,0.0,0.0
82013700-01,2010,0.835820895522388,0.8517412935323383,0.031840796019900496,0.1562189054726368,0.0,0.0,0.3661691542288557,0.0,0.0,0.445771144278607,0.0,0.0,0.0,0.15024875621890546,0.4736318407960199,0.3761194029850746,0.0,0.0
82013700-01,2005,0.016080402010050253,0.464321608040201,0.03819095477386935,0.5316582914572864,0.0,0.0,0.0,0.0,0.4301507537688442,0.0,0.0,0.0,0.0,0.5306532663316583,0.46934673366834173,0.0,0.0,0.0
82003400-01,2013,0.23076923076923078,0.3076923076923077,0.0,0.6923076923076923,0.0,0.23076923076923078,0.07692307692307693,0.0,0.0,0.0,0.0,0.0,0.0,0.6923076923076923,0.0,0.3076923076923077,0.0,0.0
19003100-01,2008,0.0,0.0,0.0,1.0,0.0,0.0,0.0,0.0,0.0,0.0,0.0,0.0,0.0,0.265,0.001875,0.0,0.09375,0.639375
82009400-01,2014,0.8639154998771801,0.9454679439941046,0.0,0.054532056005895356,0.0,0.004421518054532056,0.9410464259395726,0.0,0.0,0.0,0.0,0.0,0.1016949152542373,0.054532056005895356,0.0009825595676737902,0.7113731269958241,0.13141734217636944,0.0
19044600-01,2013,0.0,0.0,0.003001715265866209,0.04180960548885077,0.9551886792452831,0.0,0.0,0.0,0.0,0.0,0.0,0.0,0.0,0.025728987993138937,0.007718696397941681,0.0,0.05445969125214408,0.9120926243567753
02000500-01,2006,0.0,0.7007299270072993,0.0,1.0,0.0,0.0,0.0,0.0,0.0,0.0,0.0,0.0,0.0,0.0827250608272506,0.9172749391727494,0.0,0.0,0.0
19002500-01,2004,0.0,0.0,0.0,1.0,0.0,0.0,0.0,0.0,0.0,0.0,0.0,0.0,0.0,0.03836424957841484,0.01391231028667791,0.0,0.010961214165261383,0.9367622259696459
19002700-01,2005,0.0,0.0,0.0,1.0,0.0,0.0,0.0,0.0,0.0,0.0,0.0,0.0,0.0,0.10015814443858724,0.05693199789140749,0.0,0.11070110701107011,0.7322087506589352
19002500-01,2005,0.0,0.0,0.0,1.0,0.0,0.0,0.0,0.0,0.0,0.0,0.0,0.0,0.0,0.035487959442332066,0.01394169835234474,0.0,0.010984368398817067,0.9395859738065061
19002400-01,2013,0.0,0.0,0.030229746070133012,0.06368399838774688,0.9060862555421201,0.0,0.0,0.0,0.0,0.0,0.0,0.0,0.0,0.05965336557839581,0.15679161628375654,0.0,0.4893188230552197,0.294236195082628
19002500-01,2006,0.0,0.0,0.0,1.0,0.0,0.0,0.0,0.0,0.0,0.0,0.0,0.0,0.0,0.034643008027038444,0.01394169835234474,0.0,0.010984368398817067,0.9404309252217997
19002300-01,2012,0.0,0.0,0.006167129201356768,0.036386062288004936,0.9574468085106383,0.0,0.0,0.0,0.0,0.0,0.0,0.0,0.0,0.026518655565834104,0.0006167129201356768,0.0,0.17144619179771817,0.8014184397163121
19002300-01,2013,0.0,0.0,0.005550416281221091,0.03700277520814061,0.9574468085106383,0.0,0.0,0.0,0.0,0.0,0.0,0.0,0.0,0.026518655565834104,0.0006167129201356768,0.0,0.17144619179771817,0.8014184397163121
82015300-01,2013,0.7436708860759493,0.8037974683544303,0.0,0.1962025316455696,0.0,0.13924050632911392,0.6645569620253164,0.0,0.0,0.0,0.0,0.0,0.0,0.1962025316455696,0.006329113924050633,0.7974683544303798,0.0,0.0
19002900-01,2010,0.0,0.0,0.0,1.0,0.0,0.0,0.0,0.0,0.0,0.0,0.0,0.0,0.0,0.12703330751355538,0.14872192099147946,0.0,0.05731990704879938,0.6669248644461657
19002300-01,2005,0.0,0.0,0.0,1.0,0.0,0.0,0.0,0.0,0.0,0.0,0.0,0.0,0.0,0.052599388379204894,0.0006116207951070336,0.0,0.163914373088685,0.7828746177370031
02000500-01,2014,0.7230008244023083,0.7048639736191261,0.0,0.0,0.0,0.9769167353668591,0.023083264633140973,0.0,0.0,0.0,0.0,0.0,0.0,0.00494641384995878,0.9950535861500412,0.0,0.0,0.0
82010400-01,2014,0.782991202346041,0.844574780058651,0.0,0.15542521994134897,0.0,0.0967741935483871,0.7478005865102639,0.0,0.0,0.0,0.0,0.0,0.0,0.15542521994134897,0.0,0.844574780058651,0.0,0.0
19044600-01,2010,0.0,0.0,0.0,1.0,0.0,0.0,0.0,0.0,0.0,0.0,0.0,0.0,0.0,0.03113006396588486,0.00767590618336887,0.0,0.05415778251599147,0.9070362473347549
82009400-01,2013,0.864585893339887,0.9461784222167609,0.0,0.05382157778323912,0.0,0.004669451953797002,0.9415089702629639,0.0,0.0,0.0,0.0,0.0,0.10174490046694519,0.05382157778323912,0.0009830425165888424,0.7119685426394692,0.13148193659375768,0.0
19044600-01,2008,0.0,0.0,0.0,1.0,0.0,0.0,0.0,0.0,0.0,0.0,0.0,0.0,0.0,0.03154305200341006,0.0076726342710997444,0.0,0.05413469735720375,0.9066496163682864
82033400-01,2014,0.6,0.625,0.0,0.375,0.0,0.075,0.55,0.0,0.0,0.0,0.0,0.0,0.0,0.375,0.0,0.625,0.0,0.0
19002500-01,2008,0.0,0.0,0.0,1.0,0.0,0.0,0.0,0.0,0.0,0.0,0.0,0.0,0.0,0.03292528493035036,0.013929928239763613,0.0,0.010975094976783452,0.9421696918531026
82011602-01,2011,0.7057728119180633,0.7523277467411545,0.0,0.24767225325884543,0.0,0.019242706393544383,0.7330850403476101,0.0,0.0,0.0,0.0,0.0,0.12911235257603973,0.24767225325884543,0.0012414649286157666,0.29236499068901306,0.329608938547486,0.0
27005300-01,2008,0.0,0.0,0.0,1.0,0.0,0.0,0.0,0.0,0.0,0.0,0.0,0.0,0.0,1.0,0.0,0.0,0.0,0.0
82008700-01,2005,0.0,0.0,0.0,1.0,0.0,0.0,0.0,0.0,0.0,0.0,0.0,0.0,0.0,1.0,0.0,0.0,0.0,0.0
19003300-01,2008,0.0,0.0,0.0,1.0,0.0,0.0,0.0,0.0,0.0,0.0,0.0,0.0,0.0,0.0619244204509368,0.06605271514766592,0.0,0.32264210860590664,0.5493807557954906
82013700-01,2013,0.845771144278607,0.8597014925373134,0.031840796019900496,0.1383084577114428,0.0,0.009950248756218905,0.37412935323383084,0.0,0.0,0.445771144278607,0.0,0.0,0.0,0.14029850746268657,0.47562189054726367,0.38407960199004976,0.0,0.0
82012300-01,2007,0.0,0.0,0.0,1.0,0.0,0.0,0.0,0.0,0.0,0.0,0.0,0.0,0.0,1.0,0.0,0.0,0.0,0.0
82003400-01,2008,0.0,0.0,0.0,1.0,0.0,0.0,0.0,0.0,0.0,0.0,0.0,0.0,0.0,1.0,0.0,0.0,0.0,0.0
82015300-01,2006,0.0,0.0,0.0,1.0,0.0,0.0,0.0,0.0,0.0,0.0,0.0,0.0,0.0,1.0,0.0,0.0,0.0,0.0
82003400-01,2014,0.23076923076923078,0.3076923076923077,0.0,0.6923076923076923,0.0,0.23076923076923078,0.07692307692307693,0.0,0.0,0.0,0.0,0.0,0.0,0.6923076923076923,0.0,0.3076923076923077,0.0,0.0
27071100-01,2010,0.6483820047355959,0.05169692186266772,0.0,0.44554064719810577,0.5544593528018943,0.0,0.0,0.0,0.0,0.0,0.0,0.0,0.0,1.0,0.0,0.0,0.0,0.0
82033400-01,2013,0.6,0.625,0.0,0.375,0.0,0.075,0.55,0.0,0.0,0.0,0.0,0.0,0.0,0.375,0.0,0.625,0.0,0.0
19002100-01,2014,0.0,0.0,0.014472585583078207,0.038964653492902866,0.9465627609240189,0.0,0.0,0.0,0.0,0.0,0.0,0.0,0.0,0.033119955468967434,0.04787086000556638,0.0,0.29112162538268854,0.6278875591427776
19002200-01,2008,0.0,0.0,0.0,1.0,0.0,0.0,0.0,0.0,0.0,0.0,0.0,0.0,0.0,0.040439052570768345,0.012709416522241479,0.0,0.15983054111303677,0.7870209897939534
10009500-01,2013,0.6266666666666667,0.0,0.02666666666666667,0.5,0.0,0.0,0.0,0.47333333333333333,0.0,0.0,0.0,0.0,0.0,1.0,0.0,0.0,0.0,0.0
19044600-01,2009,0.0,0.0,0.0,1.0,0.0,0.0,0.0,0.0,0.0,0.0,0.0,0.0,0.0,0.0309234378332267,0.007677543186180422,0.0,0.05416933248027298,0.9072296865003199
82008700-01,2009,0.0,0.0,0.0,1.0,0.0,0.0,0.0,0.0,0.0,0.0,0.0,0.0,0.0,1.0,0.0,0.0,0.0,0.0
27062700-01,2004,0.0,0.0,0.0,1.0,0.0,0.0,0.0,0.0,0.0,0.0,0.0,0.0,0.0,1.0,0.0,0.0,0.0,0.0
27007000-01,2004,0.0,0.0,0.0,1.0,0.0,0.0,0.0,0.0,0.0,0.0,0.0,0.0,0.0,1.0,0.0,0.0,0.0,0.0
82033400-01,2010,0.6125,0.6375,0.0,0.45,0.0,0.0,0.55,0.0,0.0,0.0,0.0,0.0,0.0,0.3625,0.0,0.6375,0.0,0.0
19002700-01,2008,0.0,0.0,0.0,1.0,0.0,0.0,0.0,0.0,0.0,0.0,0.0,0.0,0.0,0.10073839662447258,0.056962025316455694,0.0,0.11075949367088607,0.7315400843881856
82012200-01,2013,0.7097701149425287,0.7586206896551724,0.0,0.2413793103448276,0.0,0.04885057471264368,0.7097701149425287,0.0,0.0,0.0,0.0,0.0,0.0,0.2413793103448276,0.005747126436781609,0.7528735632183908,0.0,0.0
19003100-01,2011,0.0,0.0,0.0,1.0,0.0,0.0,0.0,0.0,0.0,0.0,0.0,0.0,0.0,0.25,0.0031725888324873096,0.0,0.09517766497461928,0.6516497461928934
82010100-01,2011,0.5467625899280576,0.6546762589928058,0.0,0.34532374100719426,0.0,0.17266187050359713,0.48201438848920863,0.0,0.0,0.0,0.0,0.0,0.0,0.34532374100719426,0.014388489208633094,0.6402877697841727,0.0,0.0
02000500-01,2005,0.0,0.7506561679790026,0.0,1.0,0.0,0.0,0.0,0.0,0.0,0.0,0.0,0.0,0.0,0.11023622047244094,0.889763779527559,0.0,0.0,0.0
82036800-01,2014,0.7346153846153847,0.7653846153846153,0.0,0.23461538461538461,0.0,0.11923076923076924,0.6461538461538462,0.0,0.0,0.0,0.0,0.0,0.0,0.23461538461538461,0.0,0.7346153846153847,0.03076923076923077,0.0
10009500-01,2010,0.3333333333333333,0.0,0.02666666666666667,0.52,0.0,0.0,0.0,0.4533333333333333,0.0,0.0,0.0,0.0,0.0,1.0,0.0,0.0,0.0,0.0
82008900-01,2008,0.0,0.0,0.0,1.0,0.0,0.0,0.0,0.0,0.0,0.0,0.0,0.0,0.0,1.0,0.0,0.0,0.0,0.0
82010100-01,2012,0.5467625899280576,0.6546762589928058,0.0,0.34532374100719426,0.0,0.17266187050359713,0.48201438848920863,0.0,0.0,0.0,0.0,0.0,0.0,0.34532374100719426,0.02158273381294964,0.6330935251798561,0.0,0.0
82009002-01,2007,0.0,0.0,0.0,1.0,0.0,0.0,0.0,0.0,0.0,0.0,0.0,0.0,0.0,1.0,0.0,0.0,0.0,0.0
19002200-01,2011,0.0,0.0,0.0,1.0,0.0,0.0,0.0,0.0,0.0,0.0,0.0,0.0,0.0,0.03402021772939347,0.011275272161741835,0.0,0.161353032659409,0.7933514774494557
82010100-01,2009,0.0,0.0,0.0,1.0,0.0,0.0,0.0,0.0,0.0,0.0,0.0,0.0,0.0,1.0,0.0,0.0,0.0,0.0
82011301-01,2011,0.6611570247933884,0.6694214876033058,0.0,0.3305785123966942,0.0,0.008264462809917356,0.6611570247933884,0.0,0.0,0.0,0.0,0.0,0.0,0.3305785123966942,0.0,0.6694214876033058,0.0,0.0
82010300-01,2007,0.0,0.0,0.0,1.0,0.0,0.0,0.0,0.0,0.0,0.0,0.0,0.0,0.0,1.0,0.0,0.0,0.0,0.0
19002400-01,2005,0.0,0.0,0.0,1.0,0.0,0.0,0.0,0.0,0.0,0.0,0.0,0.0,0.0,0.07268464243845252,0.15982805783509182,0.0,0.47909339585775695,0.28839390386869873
02000500-01,2009,0.6829066886870355,0.7456647398843931,0.0,1.0,0.0,0.0,0.0,0.0,0.0,0.0,0.0,0.0,0.0,0.0,1.0,0.0,0.0,0.0
19002200-01,2006,0.0,0.0,0.0,1.0,0.0,0.0,0.0,0.0,0.0,0.0,0.0,0.0,0.0,0.04045463301868619,0.012714313234444231,0.0,0.15989212097861683,0.7869389327682528
82013700-01,2009,0.4729458917835671,0.4789579158316633,0.03406813627254509,0.5190380761523046,0.0,0.0,0.0,0.0,0.0,0.4468937875751503,0.0,0.0,0.0,0.5200400801603207,0.47995991983967934,0.0,0.0,0.0
19003300-01,2007,0.0,0.0,0.0,1.0,0.0,0.0,0.0,0.0,0.0,0.0,0.0,0.0,0.0,0.07102092580849714,0.05897273303741281,0.0,0.32213062777425494,0.5478757133798351
82036800-01,2007,0.0,0.0,0.0,1.0,0.0,0.0,0.0,0.0,0.0,0.0,0.0,0.0,0.0,1.0,0.0,0.0,0.0,0.0
27062700-01,2007,0.0,0.0,0.0,1.0,0.0,0.0,0.0,0.0,0.0,0.0,0.0,0.0,0.0,1.0,0.0,0.0,0.0,0.0
10001900-01,2014,0.77728654324399,0.0,0.012710693561757391,0.20972644376899696,0.0,0.0,0.0,0.7775628626692457,0.0,0.0,0.0,0.0,0.0,1.0,0.0,0.0,0.0,0.0
82015900-01,2010,0.5733207190160833,0.6608325449385052,0.0,0.5742667928098392,0.0,0.0,0.42573320719016083,0.0,0.0,0.0,0.0,0.0,0.0293282876064333,0.3391674550614948,0.03736991485335856,0.5742667928098392,0.019867549668874173,0.0
70002600-01,2004,0.0,0.0,0.0,1.0,0.0,0.0,0.0,0.0,0.0,0.0,0.0,0.0,0.0,1.0,0.0,0.0,0.0,0.0
19002200-01,2007,0.0,0.0,0.0,1.0,0.0,0.0,0.0,0.0,0.0,0.0,0.0,0.0,0.0,0.04045463301868619,0.012714313234444231,0.0,0.15989212097861683,0.7869389327682528
19002601-01,2007,0.0,0.0,0.0,1.0,0.0,0.0,0.0,0.0,0.0,0.0,0.0,0.0,0.0,0.18128761626846618,0.026992522341783697,0.0,0.11617727521429874,0.6755425861754514
19003300-01,2014,0.0,0.0,0.0625,0.06765463917525773,0.8698453608247423,0.0,0.0,0.0,0.0,0.0,0.0,0.0,0.0,0.05122422680412371,0.06378865979381443,0.0,0.327319587628866,0.5576675257731959
19002100-01,2012,0.0,0.0,0.014472585583078207,0.0400779293069858,0.945449485109936,0.0,0.0,0.0,0.0,0.0,0.0,0.0,0.0,0.034789869190091846,0.047314222098524907,0.0,0.29112162538268854,0.6267742833286947
19002300-01,2004,0.0,0.0,0.0,1.0,0.0,0.0,0.0,0.0,0.0,0.0,0.0,0.0,0.0,0.06319018404907975,0.0006134969325153375,0.0,0.1558282208588957,0.7803680981595092
10000200-01,2010,0.15432873274780426,0.0,0.010037641154328732,0.8193224592220828,0.1028858218318695,0.0,0.0,0.06775407779171895,0.0,0.0,0.0,0.0,0.0,1.0,0.0,0.0,0.0,0.0
82015900-01,2011,0.5710240679565833,0.6578574799433695,0.0,0.3421425200566305,0.0,0.2331288343558282,0.4247286455875413,0.0,0.0,0.0,0.0,0.0,0.02878716375648891,0.3421425200566305,0.023124115148655026,0.584237848041529,0.021708352996696555,0.0
19002300-01,2007,0.0,0.0,0.0,1.0,0.0,0.0,0.0,0.0,0.0,0.0,0.0,0.0,0.0,0.04156479217603912,0.0006112469437652812,0.0,0.16748166259168704,0.7903422982885085
10012100-01,2004,0.608,0.0,0.0,1.0,0.0,0.0,0.0,0.0,0.0,0.0,0.0,0.0,0.0,1.0,0.0,0.0,0.0,0.0
19002900-01,2011,0.0,0.0,0.0,1.0,0.0,0.0,0.0,0.0,0.0,0.0,0.0,0.0,0.0,0.09960474308300395,0.15968379446640316,0.0,0.05849802371541502,0.6822134387351778
19003100-01,2004,0.0,0.0,0.0,1.0,0.0,0.0,0.0,0.0,0.0,0.0,0.0,0.0,0.0,0.3345345345345345,0.0018018018018018018,0.0,0.08888888888888889,0.5747747747747748
82003400-01,2004,0.0,0.0,0.0,1.0,0.0,0.0,0.0,0.0,0.0,0.0,0.0,0.0,0.0,1.0,0.0,0.0,0.0,0.0
19044600-01,2007,0.0,0.0,0.0,1.0,0.0,0.0,0.0,0.0,0.0,0.0,0.0,0.0,0.0,0.03174941402088217,0.0076709993607500535,0.0,0.05412316215640316,0.9064564244619646
82015900-01,2008,0.0,0.0,0.0,1.0,0.0,0.0,0.0,0.0,0.0,0.0,0.0,0.0,0.0,1.0,0.0,0.0,0.0,0.0
19003300-01,2010,0.0,0.0,0.0,1.0,0.0,0.0,0.0,0.0,0.0,0.0,0.0,0.0,0.0,0.06339598598279707,0.061484549219496656,0.0,0.3236699585855368,0.5514495062121695
19044600-01,2005,0.0,0.0,0.0,1.0,0.0,0.0,0.0,0.0,0.0,0.0,0.0,0.0,0.0,0.030729833546734954,0.0076824583866837385,0.0,0.05420401195049082,0.9073836961160905
19002400-01,2008,0.0,0.0,0.0,1.0,0.0,0.0,0.0,0.0,0.0,0.0,0.0,0.0,0.0,0.06758349705304519,0.16542239685658153,0.0,0.4770137524557957,0.2899803536345776
10012100-01,2008,0.336,0.0,0.0,0.576,0.0,0.0,0.0,0.424,0.0,0.0,0.0,0.0,0.0,1.0,0.0,0.0,0.0,0.0
10000200-01,2007,0.03270440251572327,0.0,0.010062893081761006,0.9333333333333333,0.0,0.0,0.0,0.05660377358490566,0.0,0.0,0.0,0.0,0.0,1.0,0.0,0.0,0.0,0.0
82015900-01,2006,0.0,0.0,0.0,1.0,0.0,0.0,0.0,0.0,0.0,0.0,0.0,0.0,0.0,1.0,0.0,0.0,0.0,0.0
82009400-01,2010,0.8665343587199206,0.9469114363681469,0.0,0.05755395683453238,0.0,0.0,0.9424460431654677,0.0,0.0,0.0,0.0,0.0,0.10270404366162243,0.05308856363185314,0.0007442322004465393,0.717191763830315,0.12627139667576284,0.0
82015300-01,2012,0.7452830188679245,0.8081761006289309,0.0,0.1918238993710692,0.0,0.14150943396226415,0.6666666666666666,0.0,0.0,0.0,0.0,0.0,0.0,0.1918238993710692,0.009433962264150943,0.7987421383647799,0.0,0.0
19034800-01,2005,0.0,0.0,0.0,1.0,0.0,0.0,0.0,0.0,0.0,0.0,0.0,0.0,0.0,0.12437725476722213,0.0010307507301151005,0.0,0.35251674969936436,0.5220752448032984
82005400-01,2014,0.5812807881773399,0.6354679802955665,0.0,0.3645320197044335,0.0,0.11822660098522167,0.5172413793103449,0.0,0.0,0.0,0.0,0.0,0.0,0.3645320197044335,0.0,0.6354679802955665,0.0,0.0
19003100-01,2013,0.0,0.0,0.022222222222222223,0.28253968253968254,0.6952380952380952,0.0,0.0,0.0,0.0,0.0,0.0,0.0,0.0,0.24952380952380954,0.0031746031746031746,0.0,0.09523809523809523,0.652063492063492
02000500-01,2007,0.0,0.7244033872209392,0.0,1.0,0.0,0.0,0.0,0.0,0.0,0.0,0.0,0.0,0.0,0.012317167051578136,0.9876828329484219,0.0,0.0,0.0
19002500-01,2007,0.0,0.0,0.0,1.0,0.0,0.0,0.0,0.0,0.0,0.0,0.0,0.0,0.0,0.034613761080624736,0.013929928239763613,0.0,0.010975094976783452,0.9404812157028282
82036800-01,2011,0.7384615384615385,0.7692307692307693,0.0,0.23076923076923078,0.0,0.12307692307692308,0.6461538461538462,0.0,0.0,0.0,0.0,0.0,0.0,0.23076923076923078,0.0,0.7384615384615385,0.03076923076923077,0.0
19002400-01,2012,0.0,0.0,0.029072082835523694,0.07407407407407407,0.8968538430904023,0.0,0.0,0.0,0.0,0.0,0.0,0.0,0.0,0.06849860613301474,0.15412186379928317,0.0,0.4834727200318598,0.2939068100358423
82003400-01,2011,0.23076923076923078,0.3076923076923077,0.0,0.6923076923076923,0.0,0.23076923076923078,0.07692307692307693,0.0,0.0,0.0,0.0,0.0,0.0,0.6923076923076923,0.0,0.3076923076923077,0.0,0.0
19002500-01,2011,0.0,0.0,0.0,1.0,0.0,0.0,0.0,0.0,0.0,0.0,0.0,0.0,0.0,0.03224437844717862,0.00975816716164616,0.0,0.01103097157403479,0.9469664828171405
82009002-01,2006,0.0,0.0,0.0,1.0,0.0,0.0,0.0,0.0,0.0,0.0,0.0,0.0,0.0,1.0,0.0,0.0,0.0,0.0
10000200-01,2014,0.19518072289156627,0.02891566265060241,0.00963855421686747,0.8072289156626506,0.09879518072289156,0.014457831325301205,0.0,0.06987951807228916,0.0,0.0,0.0,0.0,0.0,1.0,0.0,0.0,0.0,0.0
82008900-01,2013,0.7779264214046823,0.8515050167224081,0.0,0.14849498327759197,0.0,0.0006688963210702341,0.8508361204013378,0.0,0.0,0.0,0.0,0.0,0.14448160535117058,0.14849498327759197,0.0,0.30301003344481603,0.4040133779264214,0.0
27004201-01,2011,0.9132897603485839,0.036601307189542485,0.0,0.24923747276688454,0.7507625272331154,0.0,0.0,0.0,0.0,0.0,0.0,0.0,0.0,1.0,0.0,0.0,0.0,0.0
19034800-01,2009,0.0,0.0,0.0,1.0,0.0,0.0,0.0,0.0,0.0,0.0,0.0,0.0,0.0,0.02636502806599762,0.09389351930600442,0.0,0.36111583602653513,0.5186256166014628
82011301-01,2006,0.0,0.0,0.0,1.0,0.0,0.0,0.0,0.0,0.0,0.0,0.0,0.0,0.0,1.0,0.0,0.0,0.0,0.0
82010100-01,2004,0.0,0.0,0.0,1.0,0.0,0.0,0.0,0.0,0.0,0.0,0.0,0.0,0.0,1.0,0.0,0.0,0.0,0.0
82010300-01,2014,0.8854625550660793,0.9107929515418502,0.0,0.08920704845814978,0.0,0.03854625550660793,0.8722466960352423,0.0,0.0,0.0,0.0,0.0,0.0,0.08920704845814978,0.0022026431718061676,0.7411894273127754,0.16740088105726872,0.0
19002500-01,2012,0.0,0.0,0.005091217649554518,0.05770046669495121,0.9372083156554942,0.0,0.0,0.0,0.0,0.0,0.0,0.0,0.0,0.03224437844717862,0.00975816716164616,0.0,0.01103097157403479,0.9469664828171405
82011301-01,2009,0.0,0.0,0.0,1.0,0.0,0.0,0.0,0.0,0.0,0.0,0.0,0.0,0.0,1.0,0.0,0.0,0.0,0.0
82015300-01,2009,0.0,0.0,0.0,1.0,0.0,0.0,0.0,0.0,0.0,0.0,0.0,0.0,0.0,1.0,0.0,0.0,0.0,0.0
27003501-01,2010,0.7007850241545893,0.17542270531400966,0.0,0.3894927536231884,0.6105072463768116,0.0,0.0,0.0,0.0,0.0,0.0,0.0,0.0,1.0,0.0,0.0,0.0,0.0
82012200-01,2009,0.0,0.0,0.0,1.0,0.0,0.0,0.0,0.0,0.0,0.0,0.0,0.0,0.0,1.0,0.0,0.0,0.0,0.0
82010400-01,2013,0.782991202346041,0.844574780058651,0.0,0.15542521994134897,0.0,0.0967741935483871,0.7478005865102639,0.0,0.0,0.0,0.0,0.0,0.0,0.15542521994134897,0.0,0.844574780058651,0.0,0.0
82015900-01,2013,0.5726495726495726,0.6604938271604939,0.0,0.3395061728395062,0.0,0.23171889838556506,0.4287749287749288,0.0,0.0,0.0,0.0,0.0,0.029439696106362774,0.3395061728395062,0.03181386514719848,0.5764482431149098,0.022792022792022793,0.0
19003300-01,2009,0.0,0.0,0.0,1.0,0.0,0.0,0.0,0.0,0.0,0.0,0.0,0.0,0.0,0.06343165239454487,0.06565176022835395,0.0,0.32223279416428796,0.5486837932128132
19003300-01,2011,0.0,0.0,0.0,1.0,0.0,0.0,0.0,0.0,0.0,0.0,0.0,0.0,0.0,0.05244530244530245,0.0637065637065637,0.0,0.3268983268983269,0.556949806949807
19002100-01,2008,0.0,0.0,0.0,1.0,0.0,0.0,0.0,0.0,0.0,0.0,0.0,0.0,0.0,0.05188421627525942,0.04642271982523211,0.0,0.2867285636264336,0.6149645002730748
82009002-01,2009,0.0,0.0,0.0,1.0,0.0,0.0,0.0,0.0,0.0,0.0,0.0,0.0,0.0,1.0,0.0,0.0,0.0,0.0
02000500-01,2010,0.6862097440132122,0.7588769611890999,0.0,1.0,0.0,0.0,0.0,0.0,0.0,0.0,0.0,0.0,0.0,0.0033030553261767133,0.9966969446738233,0.0,0.0,0.0
27007000-01,2011,0.2693435596661403,0.0,0.0,0.7432889690954207,0.2567110309045793,0.0,0.0,0.0,0.0,0.0,0.0,0.0,0.0,1.0,0.0,0.0,0.0,0.0
19002900-01,2004,0.0,0.0,0.0,1.0,0.0,0.0,0.0,0.0,0.0,0.0,0.0,0.0,0.0,0.16950464396284828,0.12693498452012383,0.0,0.05417956656346749,0.6493808049535603
19044600-01,2012,0.0,0.0,0.003001715265866209,0.041380789022298456,0.9556174957118353,0.0,0.0,0.0,0.0,0.0,0.0,0.0,0.0,0.02530017152658662,0.007718696397941681,0.0,0.05445969125214408,0.9125214408233276
27004201-01,2008,0.0,0.0,0.0,1.0,0.0,0.0,0.0,0.0,0.0,0.0,0.0,0.0,0.0,1.0,0.0,0.0,0.0,0.0
19002400-01,2011,0.0,0.0,0.0,1.0,0.0,0.0,0.0,0.0,0.0,0.0,0.0,0.0,0.0,0.06775607811877242,0.1542447190115584,0.0,0.48385811080111596,0.2941410920685532
82010100-01,2013,0.539568345323741,0.6474820143884892,0.0,0.35251798561151076,0.0,0.16546762589928057,0.48201438848920863,0.0,0.0,0.0,0.0,0.0,0.0,0.35251798561151076,0.014388489208633094,0.6330935251798561,0.0,0.0
82009700-01,2009,0.0018281535648994515,0.0018281535648994515,0.001218769043266301,0.9981718464351006,0.0,0.0,0.0,0.0,0.0,0.0006093845216331506,0.0,0.0,0.0,0.9981718464351006,0.0018281535648994515,0.0,0.0,0.0
82015900-01,2014,0.5725518227305219,0.6602335001191327,0.0,0.33976649988086727,0.0,0.23087919942816298,0.42935430069096975,0.0,0.0,0.0,0.0,0.0,0.029544913033118896,0.33976649988086727,0.03192756730998332,0.575887538718132,0.0228734810578985,0.0
82011301-01,2014,0.680327868852459,0.6885245901639344,0.0,0.3114754098360656,0.0,0.00819672131147541,0.680327868852459,0.0,0.0,0.0,0.0,0.0,0.0,0.3114754098360656,0.0,0.6885245901639344,0.0,0.0
82033400-01,2004,0.0,0.0,0.0,1.0,0.0,0.0,0.0,0.0,0.0,0.0,0.0,0.0,0.0,1.0,0.0,0.0,0.0,0.0
82010300-01,2004,0.0,0.0,0.0,1.0,0.0,0.0,0.0,0.0,0.0,0.0,0.0,0.0,0.0,1.0,0.0,0.0,0.0,0.0
82036800-01,2013,0.7346153846153847,0.7653846153846153,0.0,0.23461538461538461,0.0,0.11923076923076924,0.6461538461538462,0.0,0.0,0.0,0.0,0.0,0.0,0.23461538461538461,0.0,0.7346153846153847,0.03076923076923077,0.0
19002900-01,2009,0.0,0.0,0.0,1.0,0.0,0.0,0.0,0.0,0.0,0.0,0.0,0.0,0.0,0.11773818745158791,0.15801704105344694,0.0,0.05731990704879938,0.6669248644461657
19002900-01,2014,0.0,0.0,0.10962145110410094,0.11041009463722397,0.7799684542586751,0.0,0.0,0.0,0.0,0.0,0.0,0.0,0.0,0.09621451104100946,0.16167192429022081,0.0,0.0583596214511041,0.6837539432176656
82005400-01,2011,0.5804878048780487,0.6439024390243903,0.0,0.35609756097560974,0.0,0.12682926829268293,0.5170731707317073,0.0,0.0,0.0,0.0,0.0,0.0,0.35609756097560974,0.0,0.6439024390243903,0.0,0.0
82005400-01,2010,0.5804878048780487,0.6439024390243903,0.0,0.48292682926829267,0.0,0.0,0.5170731707317073,0.0,0.0,0.0,0.0,0.0,0.0,0.35609756097560974,0.0,0.6439024390243903,0.0,0.0
82008900-01,2005,0.0,0.0,0.0,1.0,0.0,0.0,0.0,0.0,0.0,0.0,0.0,0.0,0.0,1.0,0.0,0.0,0.0,0.0
82010100-01,2014,0.539568345323741,0.6474820143884892,0.0,0.35251798561151076,0.0,0.16546762589928057,0.48201438848920863,0.0,0.0,0.0,0.0,0.0,0.0,0.35251798561151076,0.014388489208633094,0.6330935251798561,0.0,0.0
82011602-01,2010,0.7054070851460534,0.7513983840894966,0.0,0.26786824114356744,0.0,0.0,0.7321317588564326,0.0,0.0,0.0,0.0,0.0,0.12927284027346178,0.24860161591050342,0.001243008079552517,0.29148539465506523,0.32939714108141704,0.0
19002400-01,2009,0.0,0.0,0.0,1.0,0.0,0.0,0.0,0.0,0.0,0.0,0.0,0.0,0.0,0.06758349705304519,0.16542239685658153,0.0,0.4770137524557957,0.2899803536345776
19002900-01,2007,0.0,0.0,0.0,1.0,0.0,0.0,0.0,0.0,0.0,0.0,0.0,0.0,0.0,0.1192873741285825,0.15491866769945778,0.0,0.05731990704879938,0.6684740511231604
82009002-01,2010,0.9082937522835222,0.9086591158202412,0.0,0.10632078918523931,0.0,0.0,0.8936792108147606,0.0,0.0,0.0,0.0,0.0,0.06284252831567409,0.09134088417975886,0.00036536353671903543,0.7884545122396784,0.05699671172816953,0.0
19003100-01,2005,0.0,0.0,0.0,1.0,0.0,0.0,0.0,0.0,0.0,0.0,0.0,0.0,0.0,0.2932752179327522,0.0018679950186799503,0.0,0.0921544209215442,0.6127023661270237
82009400-01,2006,0.0,0.0,0.0,1.0,0.0,0.0,0.0,0.0,0.0,0.0,0.0,0.0,0.0,1.0,0.0,0.0,0.0,0.0
82010100-01,2005,0.0,0.0,0.0,1.0,0.0,0.0,0.0,0.0,0.0,0.0,0.0,0.0,0.0,1.0,0.0,0.0,0.0,0.0
19002100-01,2013,0.0,0.0,0.014472585583078207,0.039521291399944335,0.9460061230169775,0.0,0.0,0.0,0.0,0.0,0.0,0.0,0.0,0.03367659337600891,0.04787086000556638,0.0,0.29112162538268854,0.6273309212357362
19002601-01,2011,0.0,0.0,0.0,1.0,0.0,0.0,0.0,0.0,0.0,0.0,0.0,0.0,0.0,0.1403310759969902,0.028969149736644093,0.0,0.12057938299473288,0.7101203912716328
19002601-01,2006,0.0,0.0,0.0,1.0,0.0,0.0,0.0,0.0,0.0,0.0,0.0,0.0,0.0,0.1834862385321101,0.026422018348623854,0.0,0.11321100917431193,0.6768807339449542
10005200-01,2014,0.7251336898395722,0.0,0.0106951871657754,0.3240641711229946,0.0,0.0,0.0,0.66524064171123,0.0,0.0,0.0,0.0,0.0,1.0,0.0,0.0,0.0,0.0
82011602-01,2009,0.0,0.0,0.0,1.0,0.0,0.0,0.0,0.0,0.0,0.0,0.0,0.0,0.0,1.0,0.0,0.0,0.0,0.0
19002700-01,2014,0.0,0.0,0.023694130317716746,0.09693053311793215,0.8793753365643511,0.0,0.0,0.0,0.0,0.0,0.0,0.0,0.0,0.07862143241787829,0.05977382875605816,0.0,0.11308562197092084,0.7485191168551427
82013700-01,2012,0.8477611940298507,0.8616915422885573,0.031840796019900496,0.136318407960199,0.0,0.009950248756218905,0.3761194029850746,0.0,0.0,0.445771144278607,0.0,0.0,0.0,0.1383084577114428,0.47562189054726367,0.38606965174129354,0.0,0.0
82002000-01,2014,0.5192901234567902,0.8329475308641975,0.0,0.16705246913580246,0.0,0.19405864197530864,0.6388888888888888,0.0,0.0,0.0,0.0,0.0,0.14390432098765432,0.16705246913580246,0.10300925925925926,0.535108024691358,0.05092592592592592,0.0
82012200-01,2011,0.7109826589595376,0.7572254335260116,0.0,0.24277456647398843,0.0,0.049132947976878616,0.708092485549133,0.0,0.0,0.0,0.0,0.0,0.0,0.24277456647398843,0.005780346820809248,0.7514450867052023,0.0,0.0
27005300-01,2007,0.0,0.0,0.0,1.0,0.0,0.0,0.0,0.0,0.0,0.0,0.0,0.0,0.0,1.0,0.0,0.0,0.0,0.0
19002700-01,2004,0.0,0.0,0.0,1.0,0.0,0.0,0.0,0.0,0.0,0.0,0.0,0.0,0.0,0.10026385224274406,0.05593667546174143,0.0,0.11081794195250659,0.732981530343008
19003100-01,2007,0.0,0.0,0.0,1.0,0.0,0.0,0.0,0.0,0.0,0.0,0.0,0.0,0.0,0.26791277258566976,0.001869158878504673,0.0,0.09345794392523364,0.636760124610592
10005200-01,2010,0.20775969962453067,0.0,0.007509386733416771,0.6595744680851063,0.0,0.0,0.0,0.33291614518147683,0.0,0.0,0.0,0.0,0.0,1.0,0.0,0.0,0.0,0.0
19002400-01,2014,0.0,0.0,0.03173965447971073,0.06347930895942146,0.9047810365608678,0.0,0.0,0.0,0.0,0.0,0.0,0.0,0.0,0.05865809562073122,0.1570912012856569,0.0,0.4877460827641623,0.2965046203294496
27003501-01,2011,0.70036210018105,0.17531683765841882,0.0,0.38986119493059745,0.6101388050694025,0.0,0.0,0.0,0.0,0.0,0.0,0.0,0.0,1.0,0.0,0.0,0.0,0.0
82003400-01,2010,0.23076923076923078,0.3076923076923077,0.0,0.9230769230769231,0.0,0.0,0.07692307692307693,0.0,0.0,0.0,0.0,0.0,0.0,0.6923076923076923,0.0,0.3076923076923077,0.0,0.0
10001100-01,2011,0.8961384820239681,0.0,0.007989347536617843,0.13448735019973368,0.0,0.0,0.0,0.8575233022636485,0.0,0.0,0.0,0.0,0.0,1.0,0.0,0.0,0.0,0.0
82013700-01,2011,0.8477611940298507,0.8616915422885573,0.031840796019900496,0.136318407960199,0.0,0.009950248756218905,0.3761194029850746,0.0,0.0,0.445771144278607,0.0,0.0,0.0,0.1383084577114428,0.47562189054726367,0.38606965174129354,0.0,0.0
82008700-01,2013,0.8125,0.8217592592592593,0.0,0.17824074074074073,0.0,0.03009259259259259,0.7916666666666666,0.0,0.0,0.0,0.0,0.0,0.0,0.17824074074074073,0.0,0.75,0.07175925925925926,0.0
19002100-01,2007,0.0,0.0,0.0,1.0,0.0,0.0,0.0,0.0,0.0,0.0,0.0,0.0,0.0,0.052703440742763515,0.04669579464773348,0.0,0.2856362643364282,0.6149645002730748
70002600-01,2008,0.0,0.0,0.0,1.0,0.0,0.0,0.0,0.0,0.0,0.0,0.0,0.0,0.0,1.0,0.0,0.0,0.0,0.0
19002700-01,2012,0.0,0.0,0.023694130317716746,0.09693053311793215,0.8793753365643511,0.0,0.0,0.0,0.0,0.0,0.0,0.0,0.0,0.07862143241787829,0.05977382875605816,0.0,0.11308562197092084,0.7485191168551427
19002100-01,2009,0.0,0.0,0.0,1.0,0.0,0.0,0.0,0.0,0.0,0.0,0.0,0.0,0.0,0.05188421627525942,0.04642271982523211,0.0,0.2867285636264336,0.6149645002730748
19002500-01,2009,0.0,0.0,0.0,1.0,0.0,0.0,0.0,0.0,0.0,0.0,0.0,0.0,0.0,0.03292528493035036,0.013929928239763613,0.0,0.010975094976783452,0.9421696918531026
82008900-01,2011,0.7769591426657736,0.8452779638312123,0.0,0.15472203616878769,0.0,0.0006697923643670462,0.8446081714668453,0.0,0.0,0.0,0.0,0.0,0.14400535833891492,0.15472203616878769,0.0,0.30274614869390487,0.3985264567983925,0.0
19044600-01,2004,0.0,0.0,0.0,1.0,0.0,0.0,0.0,0.0,0.0,0.0,0.0,0.0,0.0,0.03520375506720717,0.007680819287390655,0.0,0.0541924471943674,0.9029229784510348
82008900-01,2006,0.0,0.0,0.0,1.0,0.0,0.0,0.0,0.0,0.0,0.0,0.0,0.0,0.0,1.0,0.0,0.0,0.0,0.0
82012200-01,2010,0.7138728323699421,0.7601156069364162,0.0,0.28901734104046245,0.0,0.0,0.7109826589595376,0.0,0.0,0.0,0.0,0.0,0.0,0.2398843930635838,0.005780346820809248,0.7543352601156069,0.0,0.0
19034800-01,2011,0.0,0.0,0.0,1.0,0.0,0.0,0.0,0.0,0.0,0.0,0.0,0.0,0.0,0.019842627437564146,0.09647622305850154,0.0,0.36212795073554566,0.5215531987683887
19003100-01,2010,0.0,0.0,0.0,1.0,0.0,0.0,0.0,0.0,0.0,0.0,0.0,0.0,0.0,0.2620387742338962,0.001876172607879925,0.0,0.09380863039399624,0.6422764227642277
82009700-01,2012,0.775830258302583,0.9191266912669127,0.0012300123001230013,0.08087330873308733,0.0,0.04151291512915129,0.8757687576875769,0.0,0.0,0.0006150061500615006,0.0,0.0,0.0006150061500615006,0.08087330873308733,0.004920049200492005,0.5956334563345633,0.31795817958179584,0.0
82013700-01,2007,0.018090452261306532,0.48040201005025124,0.036180904522613064,0.5175879396984925,0.0,0.0,0.0,0.0,0.4462311557788945,0.0,0.0,0.0,0.0,0.5185929648241207,0.4814070351758794,0.0,0.0,0.0
82009700-01,2011,0.769680196801968,0.9129766297662977,0.0012300123001230013,0.08702337023370234,0.0,0.04212792127921279,0.8690036900369004,0.0,0.0,0.0006150061500615006,0.0,0.0,0.0006150061500615006,0.08702337023370234,0.004920049200492005,0.5931734317343174,0.31426814268142683,0.0
19002300-01,2009,0.0,0.0,0.0,1.0,0.0,0.0,0.0,0.0,0.0,0.0,0.0,0.0,0.0,0.038778625954198474,0.0006106870229007634,0.0,0.16977099236641222,0.7908396946564885
27071100-01,2009,0.6483820047355959,0.05169692186266772,0.0,0.44554064719810577,0.5544593528018943,0.0,0.0,0.0,0.0,0.0,0.0,0.0,0.0,1.0,0.0,0.0,0.0,0.0
19002700-01,2006,0.0,0.0,0.0,1.0,0.0,0.0,0.0,0.0,0.0,0.0,0.0,0.0,0.0,0.10015814443858724,0.05693199789140749,0.0,0.11070110701107011,0.7322087506589352
10012100-01,2005,0.6260162601626016,0.0,0.0,0.6016260162601627,0.0,0.0,0.0,0.3983739837398374,0.0,0.0,0.0,0.0,0.0,1.0,0.0,0.0,0.0,0.0
27071100-01,2007,0.0,0.0,0.0,1.0,0.0,0.0,0.0,0.0,0.0,0.0,0.0,0.0,0.0,1.0,0.0,0.0,0.0,0.0
82010400-01,2012,0.782991202346041,0.844574780058651,0.0,0.15542521994134897,0.0,0.0967741935483871,0.7478005865102639,0.0,0.0,0.0,0.0,0.0,0.0,0.15542521994134897,0.0,0.844574780058651,0.0,0.0
19002601-01,2005,0.0,0.0,0.0,1.0,0.0,0.0,0.0,0.0,0.0,0.0,0.0,0.0,0.0,0.20463320463320464,0.019856591285162713,0.0,0.09873138444567016,0.6767788196359625
19002700-01,2010,0.0,0.0,0.0,1.0,0.0,0.0,0.0,0.0,0.0,0.0,0.0,0.0,0.0,0.09878499735868991,0.05810882197569995,0.0,0.1109350237717908,0.7321711568938193
27005300-01,2012,0.7214032214032214,0.49522249522249523,0.0,0.45850395850395853,0.5414960414960415,0.0,0.0,0.0,0.0,0.0,0.0,0.0,0.0,1.0,0.0,0.0,0.0,0.0
27007000-01,2008,0.0,0.0,0.0,1.0,0.0,0.0,0.0,0.0,0.0,0.0,0.0,0.0,0.0,1.0,0.0,0.0,0.0,0.0
19002700-01,2007,0.0,0.0,0.0,1.0,0.0,0.0,0.0,0.0,0.0,0.0,0.0,0.0,0.0,0.09920844327176781,0.05699208443271768,0.0,0.11081794195250659,0.732981530343008
10005200-01,2012,0.5591531755915318,0.0,0.008717310087173101,0.5006226650062267,0.0,0.0,0.0,0.49066002490660027,0.0,0.0,0.0,0.0,0.0,1.0,0.0,0.0,0.0,0.0
82009002-01,2004,0.0,0.0,0.0,1.0,0.0,0.0,0.0,0.0,0.0,0.0,0.0,0.0,0.0,1.0,0.0,0.0,0.0,0.0
82011301-01,2007,0.0,0.0,0.0,1.0,0.0,0.0,0.0,0.0,0.0,0.0,0.0,0.0,0.0,1.0,0.0,0.0,0.0,0.0
82010100-01,2010,0.524822695035461,0.6382978723404256,0.0,0.524822695035461,0.0,0.0,0.475177304964539,0.0,0.0,0.0,0.0,0.0,0.0,0.3617021276595745,0.014184397163120567,0.624113475177305,0.0,0.0
19003300-01,2004,0.0,0.0,0.0,1.0,0.0,0.0,0.0,0.0,0.0,0.0,0.0,0.0,0.0,0.07010243277848911,0.05537772087067862,0.0,0.32522407170294493,0.5492957746478874
19002700-01,2009,0.0,0.0,0.0,1.0,0.0,0.0,0.0,0.0,0.0,0.0,0.0,0.0,0.0,0.09984152139461172,0.05705229793977813,0.0,0.1109350237717908,0.7321711568938193
10005200-01,2008,0.20909090909090908,0.0,0.005194805194805195,0.6597402597402597,0.0,0.0,0.0,0.33506493506493507,0.0,0.0,0.0,0.0,0.0,1.0,0.0,0.0,0.0,0.0
10001900-01,2010,0.3604299630500504,0.0,0.012092710782667115,0.2670473631172321,0.0,0.0,0.0,0.7208599261001007,0.0,0.0,0.0,0.0,0.0,1.0,0.0,0.0,0.0,0.0
82005400-01,2009,0.0,0.0,0.0,1.0,0.0,0.0,0.0,0.0,0.0,0.0,0.0,0.0,0.0,1.0,0.0,0.0,0.0,0.0
19002300-01,2008,0.0,0.0,0.0,1.0,0.0,0.0,0.0,0.0,0.0,0.0,0.0,0.0,0.0,0.03758020164986251,0.0006110601894286587,0.0,0.16987473266116712,0.7919340054995417
82011602-01,2013,0.7046439628482972,0.7517027863777089,0.0,0.248297213622291,0.0,0.02043343653250774,0.7312693498452012,0.0,0.0,0.0,0.0,0.0,0.12879256965944272,0.248297213622291,0.001238390092879257,0.29287925696594425,0.3287925696594427,0.0
27071100-01,2014,0.6318280418063499,0.4945770065075922,0.0,0.37763754683494377,0.5478209426148689,0.07454151055018735,0.0,0.0,0.0,0.0,0.0,0.0,0.0,1.0,0.0,0.0,0.0,0.0
10001900-01,2006,0.6688237533307956,0.0,0.008374571754853444,0.2805481537875904,0.0,0.0,0.0,0.7110772744575562,0.0,0.0,0.0,0.0,0.0,1.0,0.0,0.0,0.0,0.0
82011602-01,2004,0.0,0.0,0.0,1.0,0.0,0.0,0.0,0.0,0.0,0.0,0.0,0.0,0.0,1.0,0.0,0.0,0.0,0.0
19034800-01,2012,0.0,0.0,0.004104669061056952,0.03608688216179237,0.9598084487771507,0.0,0.0,0.0,0.0,0.0,0.0,0.0,0.0,0.020010261672652643,0.09645972293483839,0.0,0.362066016760732,0.521463998631777
82009700-01,2014,0.7658015267175573,0.9074809160305344,0.0012213740458015267,0.09251908396946565,0.0,0.039083969465648856,0.8665648854961832,0.0,0.0,0.0006106870229007634,0.0,0.0,0.0006106870229007634,0.09251908396946565,0.004885496183206107,0.5862595419847328,0.31572519083969464,0.0
82007700-01,2013,0.7653061224489796,0.7857142857142857,0.0,0.21428571428571427,0.0,0.20408163265306123,0.5816326530612245,0.0,0.0,0.0,0.0,0.0,0.0,0.21428571428571427,0.0,0.7857142857142857,0.0,0.0
27062700-01,2005,0.0,0.0,0.0,1.0,0.0,0.0,0.0,0.0,0.0,0.0,0.0,0.0,0.0,1.0,0.0,0.0,0.0,0.0
27004201-01,2006,0.0,0.0,0.0,1.0,0.0,0.0,0.0,0.0,0.0,0.0,0.0,0.0,0.0,1.0,0.0,0.0,0.0,0.0
27005300-01,2010,0.6968908368716614,0.00849198739898644,0.0,0.4559649363100945,0.5440350636899055,0.0,0.0,0.0,0.0,0.0,0.0,0.0,0.0,1.0,0.0,0.0,0.0,0.0
10001100-01,2005,0.87248322147651,0.0,0.006711409395973154,0.17718120805369128,0.0,0.0,0.0,0.8161073825503355,0.0,0.0,0.0,0.0,0.0,1.0,0.0,0.0,0.0,0.0
82011301-01,2005,0.0,0.0,0.0,1.0,0.0,0.0,0.0,0.0,0.0,0.0,0.0,0.0,0.0,1.0,0.0,0.0,0.0,0.0
82011301-01,2013,0.6859504132231405,0.6942148760330579,0.0,0.30578512396694213,0.0,0.008264462809917356,0.6859504132231405,0.0,0.0,0.0,0.0,0.0,0.0,0.30578512396694213,0.0,0.6942148760330579,0.0,0.0
82010100-01,2007,0.0,0.0,0.0,1.0,0.0,0.0,0.0,0.0,0.0,0.0,0.0,0.0,0.0,1.0,0.0,0.0,0.0,0.0
82010100-01,2008,0.0,0.0,0.0,1.0,0.0,0.0,0.0,0.0,0.0,0.0,0.0,0.0,0.0,1.0,0.0,0.0,0.0,0.0
82005400-01,2007,0.0,0.0,0.0,1.0,0.0,0.0,0.0,0.0,0.0,0.0,0.0,0.0,0.0,1.0,0.0,0.0,0.0,0.0
10001900-01,2011,0.7143784485556638,0.0,0.011684518013631937,0.27166504381694256,0.0,0.0,0.0,0.7166504381694255,0.0,0.0,0.0,0.0,0.0,1.0,0.0,0.0,0.0,0.0
19034800-01,2013,0.0,0.0,0.004104669061056952,0.035744826406704296,0.9601505045322387,0.0,0.0,0.0,0.0,0.0,0.0,0.0,0.0,0.018984094407388404,0.09645972293483839,0.0,0.362066016760732,0.5224901658970412
10001900-01,2009,0.35543588017502525,0.0,0.01144395826321104,0.27701110737125545,0.0,0.0,0.0,0.7115449343655335,0.0,0.0,0.0,0.0,0.0,1.0,0.0,0.0,0.0,0.0
82007700-01,2011,0.74,0.76,0.0,0.24,0.0,0.21,0.55,0.0,0.0,0.0,0.0,0.0,0.0,0.24,0.0,0.76,0.0,0.0
10001900-01,2012,0.7216463414634147,0.0,0.011280487804878048,0.2655487804878049,0.0,0.0,0.0,0.723170731707317,0.0,0.0,0.0,0.0,0.0,1.0,0.0,0.0,0.0,0.0
70002600-01,2006,0.0,0.0,0.0,1.0,0.0,0.0,0.0,0.0,0.0,0.0,0.0,0.0,0.0,1.0,0.0,0.0,0.0,0.0
19003100-01,2012,0.0,0.0,0.02349206349206349,0.28253968253968254,0.693968253968254,0.0,0.0,0.0,0.0,0.0,0.0,0.0,0.0,0.24952380952380954,0.0031746031746031746,0.0,0.09523809523809523,0.652063492063492
10005200-01,2009,0.2106631989596879,0.0,0.010403120936280884,0.6514954486345904,0.0,0.0,0.0,0.3381014304291287,0.0,0.0,0.0,0.0,0.0,1.0,0.0,0.0,0.0,0.0
82005400-01,2013,0.5891089108910891,0.6435643564356436,0.0,0.3564356435643564,0.0,0.12376237623762376,0.5198019801980198,0.0,0.0,0.0,0.0,0.0,0.0,0.3564356435643564,0.0,0.6435643564356436,0.0,0.0
82009200-01,2008,0.0,0.0,0.0,1.0,0.0,0.0,0.0,0.0,0.0,0.0,0.0,0.0,0.0,1.0,0.0,0.0,0.0,0.0
19003300-01,2005,0.0,0.0,0.0,1.0,0.0,0.0,0.0,0.0,0.0,0.0,0.0,0.0,0.0,0.06848,0.05536,0.0,0.32512,0.55104
82010300-01,2012,0.8912087912087913,0.9164835164835164,0.0,0.08351648351648351,0.0,0.04065934065934066,0.8758241758241758,0.0,0.0,0.0,0.0,0.0,0.0,0.08351648351648351,0.002197802197802198,0.7472527472527473,0.16703296703296702,0.0
82015900-01,2012,0.5706855791962175,0.6581560283687943,0.0,0.34184397163120567,0.0,0.23073286052009456,0.42742316784869977,0.0,0.0,0.0,0.0,0.0,0.029314420803782507,0.34184397163120567,0.03167848699763593,0.574468085106383,0.02269503546099291,0.0
19044600-01,2006,0.0,0.0,0.0,1.0,0.0,0.0,0.0,0.0,0.0,0.0,0.0,0.0,0.0,0.03134996801023673,0.007677543186180422,0.0,0.05416933248027298,0.9068031563233099
10009500-01,2009,0.32666666666666666,0.0,0.02666666666666667,0.5333333333333333,0.0,0.0,0.0,0.44,0.0,0.0,0.0,0.0,0.0,1.0,0.0,0.0,0.0,0.0
19002601-01,2014,0.0,0.0,0.023910244620194962,0.14842744160382565,0.8276623137759794,0.0,0.0,0.0,0.0,0.0,0.0,0.0,0.0,0.12341364723192937,0.0281405186683833,0.0,0.11789589847342284,0.7305499356262645
82011602-01,2012,0.7050805452292441,0.7521685254027262,0.0,0.24783147459727387,0.0,0.020446096654275093,0.7317224287484511,0.0,0.0,0.0,0.0,0.0,0.1288723667905824,0.24783147459727387,0.0012391573729863693,0.2930607187112763,0.32899628252788105,0.0
10005200-01,2004,0.7307692307692307,0.0,0.0,1.0,0.0,0.0,0.0,0.0,0.0,0.0,0.0,0.0,0.0,1.0,0.0,0.0,0.0,0.0
82036800-01,2005,0.0,0.0,0.0,1.0,0.0,0.0,0.0,0.0,0.0,0.0,0.0,0.0,0.0,1.0,0.0,0.0,0.0,0.0
82013700-01,2006,0.016080402010050253,0.464321608040201,0.03819095477386935,0.5316582914572864,0.0,0.0,0.0,0.0,0.4301507537688442,0.0,0.0,0.0,0.0,0.5206030150753769,0.4793969849246231,0.0,0.0,0.0
10001100-01,2013,0.8820445609436435,0.0,0.009174311926605505,0.14678899082568808,0.0,0.0,0.0,0.8440366972477065,0.0,0.0,0.0,0.0,0.0,1.0,0.0,0.0,0.0,0.0
27007000-01,2014,0.26985559566787004,0.052346570397111915,0.0,0.7319494584837545,0.2572202166064982,0.010830324909747292,0.0,0.0,0.0,0.0,0.0,0.0,0.0,1.0,0.0,0.0,0.0,0.0
10001900-01,2007,0.3471933471933472,0.0,0.010395010395010396,0.30284130284130284,0.0,0.0,0.0,0.6867636867636867,0.0,0.0,0.0,0.0,0.0,1.0,0.0,0.0,0.0,0.0
82010100-01,2006,0.0,0.0,0.0,1.0,0.0,0.0,0.0,0.0,0.0,0.0,0.0,0.0,0.0,1.0,0.0,0.0,0.0,0.0
82009200-01,2011,0.7656500802568218,0.826645264847512,0.0,0.17335473515248795,0.0,0.011235955056179775,0.8154093097913323,0.0,0.0,0.0,0.0,0.0,0.060995184590690206,0.17335473515248795,0.0,0.6597110754414125,0.10593900481540931,0.0
02000500-01,2011,0.6906534325889164,0.7684036393713813,0.0,1.0,0.0,0.0,0.0,0.0,0.0,0.0,0.0,0.0,0.0,0.0,1.0,0.0,0.0,0.0
82009400-01,2007,0.0,0.0,0.0,1.0,0.0,0.0,0.0,0.0,0.0,0.0,0.0,0.0,0.0,1.0,0.0,0.0,0.0,0.0
10001100-01,2010,0.45139813581890814,0.0,0.007989347536617843,0.13448735019973368,0.0,0.0,0.0,0.8575233022636485,0.0,0.0,0.0,0.0,0.0,1.0,0.0,0.0,0.0,0.0
10001100-01,2004,0.878581173260573,0.0,0.0,1.0,0.0,0.0,0.0,0.0,0.0,0.0,0.0,0.0,0.0,1.0,0.0,0.0,0.0,0.0
02000500-01,2013,0.7114591920857378,0.6999175597691674,0.011541632316570486,0.9802143446001649,0.008244023083264633,0.0,0.0,0.0,0.0,0.0,0.0,0.0,0.0,0.00494641384995878,0.9950535861500412,0.0,0.0,0.0
82007700-01,2008,0.0,0.0,0.0,1.0,0.0,0.0,0.0,0.0,0.0,0.0,0.0,0.0,0.0,1.0,0.0,0.0,0.0,0.0
19002900-01,2008,0.0,0.0,0.0,1.0,0.0,0.0,0.0,0.0,0.0,0.0,0.0,0.0,0.0,0.11947245927075252,0.15360744763382467,0.0,0.057408844065166796,0.669511249030256
19002601-01,2009,0.0,0.0,0.0,1.0,0.0,0.0,0.0,0.0,0.0,0.0,0.0,0.0,0.0,0.1713191023535851,0.028461959496442254,0.0,0.11731435869366903,0.6829045794563036
82015300-01,2005,0.0,0.0,0.0,1.0,0.0,0.0,0.0,0.0,0.0,0.0,0.0,0.0,0.0,1.0,0.0,0.0,0.0,0.0
82011602-01,2014,0.7014188772362739,0.7483035163479334,0.0,0.25169648365206665,0.0,0.020357803824799507,0.7279457125231339,0.0,0.0,0.0,0.0,0.0,0.1283158544108575,0.25169648365206665,0.0012338062924120913,0.2911782850092535,0.32757557063541026,0.0
82015300-01,2008,0.0,0.0,0.0,1.0,0.0,0.0,0.0,0.0,0.0,0.0,0.0,0.0,0.0,1.0,0.0,0.0,0.0,0.0
82012300-01,2013,0.6987951807228916,0.7771084337349398,0.0,0.22289156626506024,0.0,0.0963855421686747,0.6807228915662651,0.0,0.0,0.0,0.0,0.0,0.0,0.22289156626506024,0.0,0.7771084337349398,0.0,0.0
82009400-01,2009,0.0,0.0,0.0,1.0,0.0,0.0,0.0,0.0,0.0,0.0,0.0,0.0,0.0,1.0,0.0,0.0,0.0,0.0
19003100-01,2009,0.0,0.0,0.0,1.0,0.0,0.0,0.0,0.0,0.0,0.0,0.0,0.0,0.0,0.26282853566958697,0.0018773466833541927,0.0,0.09386733416770963,0.6414267834793492
82007700-01,2005,0.0,0.0,0.0,1.0,0.0,0.0,0.0,0.0,0.0,0.0,0.0,0.0,0.0,1.0,0.0,0.0,0.0,0.0
19002100-01,2011,0.0,0.0,0.0,1.0,0.0,0.0,0.0,0.0,0.0,0.0,0.0,0.0,0.0,0.03477051460361613,0.04728789986091794,0.0,0.29151599443671766,0.6264255910987483
82007700-01,2006,0.0,0.0,0.0,1.0,0.0,0.0,0.0,0.0,0.0,0.0,0.0,0.0,0.0,1.0,0.0,0.0,0.0,0.0
19002300-01,2006,0.0,0.0,0.0,1.0,0.0,0.0,0.0,0.0,0.0,0.0,0.0,0.0,0.0,0.042787286063569685,0.0006112469437652812,0.0,0.16625916870415647,0.7903422982885085
82011301-01,2008,0.0,0.0,0.0,1.0,0.0,0.0,0.0,0.0,0.0,0.0,0.0,0.0,0.0,1.0,0.0,0.0,0.0,0.0
70002600-01,2013,0.0,0.0,0.0,1.0,0.0,0.0,0.0,0.0,0.0,0.0,0.0,0.0,0.0,1.0,0.0,0.0,0.0,0.0
82015900-01,2005,0.0,0.0,0.0,1.0,0.0,0.0,0.0,0.0,0.0,0.0,0.0,0.0,0.0,1.0,0.0,0.0,0.0,0.0
10012100-01,2010,0.3412698412698413,0.0,0.0,0.5634920634920635,0.0,0.0,0.0,0.4365079365079365,0.0,0.0,0.0,0.0,0.0,1.0,0.0,0.0,0.0,0.0
19034800-01,2006,0.0,0.0,0.0,1.0,0.0,0.0,0.0,0.0,0.0,0.0,0.0,0.0,0.0,0.03471158754466565,0.09324485281606262,0.0,0.3546026884464863,0.5174408711927855
82010300-01,2013,0.887308533916849,0.912472647702407,0.0,0.087527352297593,0.0,0.04048140043763676,0.8719912472647703,0.0,0.0,0.0,0.0,0.0,0.0,0.087527352297593,0.002188183807439825,0.7439824945295405,0.16630196936542668,0.0
10012100-01,2007,0.328,0.0,0.016,0.56,0.0,0.0,0.0,0.424,0.0,0.0,0.0,0.0,0.0,1.0,0.0,0.0,0.0,0.0
82002000-01,2007,0.0,0.0,0.0,1.0,0.0,0.0,0.0,0.0,0.0,0.0,0.0,0.0,0.0,1.0,0.0,0.0,0.0,0.0
82033400-01,2006,0.0,0.0,0.0,1.0,0.0,0.0,0.0,0.0,0.0,0.0,0.0,0.0,0.0,1.0,0.0,0.0,0.0,0.0
19044600-01,2011,0.0,0.0,0.0,1.0,0.0,0.0,0.0,0.0,0.0,0.0,0.0,0.0,0.0,0.02571795970852979,0.007715387912558937,0.0,0.05443634804972139,0.9121303043291898
70002600-01,2011,0.0,0.0,0.0,1.0,0.0,0.0,0.0,0.0,0.0,0.0,0.0,0.0,0.0,1.0,0.0,0.0,0.0,0.0
82013700-01,2004,0.0176017601760176,0.506050605060506,0.041804180418041806,0.49174917491749176,0.0,0.0,0.0,0.0,0.46644664466446645,0.0,0.0,0.0,0.0,0.4884488448844885,0.5115511551155115,0.0,0.0,0.0
27003501-01,2005,0.0,0.0,0.0,1.0,0.0,0.0,0.0,0.0,0.0,0.0,0.0,0.0,0.0,1.0,0.0,0.0,0.0,0.0
82009700-01,2006,0.0,0.0018281535648994515,0.001218769043266301,0.9981718464351006,0.0,0.0,0.0,0.0,0.0006093845216331506,0.0,0.0,0.0,0.0,0.9981718464351006,0.0018281535648994515,0.0,0.0,0.0
27062700-01,2006,0.0,0.0,0.0,1.0,0.0,0.0,0.0,0.0,0.0,0.0,0.0,0.0,0.0,1.0,0.0,0.0,0.0,0.0
27071100-01,2005,0.0,0.0,0.0,1.0,0.0,0.0,0.0,0.0,0.0,0.0,0.0,0.0,0.0,1.0,0.0,0.0,0.0,0.0
10009500-01,2004,0.6408450704225352,0.0,0.0,1.0,0.0,0.0,0.0,0.0,0.0,0.0,0.0,0.0,0.0,1.0,0.0,0.0,0.0,0.0
82008700-01,2011,0.813953488372093,0.8232558139534883,0.0,0.17674418604651163,0.0,0.027906976744186046,0.7953488372093023,0.0,0.0,0.0,0.0,0.0,0.0,0.17674418604651163,0.0,0.7511627906976744,0.07209302325581396,0.0
82003400-01,2007,0.0,0.0,0.0,1.0,0.0,0.0,0.0,0.0,0.0,0.0,0.0,0.0,0.0,1.0,0.0,0.0,0.0,0.0
27062700-01,2014,0.881896430083251,0.8827430506561309,0.0,0.13447156765909413,0.8014674756596585,0.06406095668124735,0.0,0.0,0.0,0.0,0.0,0.0,0.0,1.0,0.0,0.0,0.0,0.0
27003501-01,2012,0.8047533092659447,0.6573405535499398,0.0,0.3838748495788207,0.6161251504211793,0.0,0.0,0.0,0.0,0.0,0.0,0.0,0.0,1.0,0.0,0.0,0.0,0.0
82003400-01,2012,0.23076923076923078,0.3076923076923077,0.0,0.6923076923076923,0.0,0.23076923076923078,0.07692307692307693,0.0,0.0,0.0,0.0,0.0,0.0,0.6923076923076923,0.0,0.3076923076923077,0.0,0.0
27005300-01,2006,0.0,0.0,0.0,1.0,0.0,0.0,0.0,0.0,0.0,0.0,0.0,0.0,0.0,1.0,0.0,0.0,0.0,0.0
82012300-01,2010,0.6987951807228916,0.7771084337349398,0.0,0.3192771084337349,0.0,0.0,0.6807228915662651,0.0,0.0,0.0,0.0,0.0,0.0,0.22289156626506024,0.0,0.7771084337349398,0.0,0.0
82003400-01,2009,0.0,0.0,0.0,1.0,0.0,0.0,0.0,0.0,0.0,0.0,0.0,0.0,0.0,1.0,0.0,0.0,0.0,0.0
82012200-01,2006,0.0,0.0,0.0,1.0,0.0,0.0,0.0,0.0,0.0,0.0,0.0,0.0,0.0,1.0,0.0,0.0,0.0,0.0
82033400-01,2007,0.0,0.0,0.0,1.0,0.0,0.0,0.0,0.0,0.0,0.0,0.0,0.0,0.0,1.0,0.0,0.0,0.0,0.0
82010300-01,2006,0.0,0.0,0.0,1.0,0.0,0.0,0.0,0.0,0.0,0.0,0.0,0.0,0.0,1.0,0.0,0.0,0.0,0.0
10001100-01,2007,0.45466666666666666,0.0,0.004,0.144,0.0,0.0,0.0,0.852,0.0,0.0,0.0,0.0,0.0,1.0,0.0,0.0,0.0,0.0
02000500-01,2004,0.0,0.0,0.0,1.0,0.0,0.0,0.0,0.0,0.0,0.0,0.0,0.0,0.0,1.0,0.0,0.0,0.0,0.0
82010400-01,2004,0.0,0.0,0.0,1.0,0.0,0.0,0.0,0.0,0.0,0.0,0.0,0.0,0.0,1.0,0.0,0.0,0.0,0.0
10009500-01,2008,0.3333333333333333,0.0,0.013333333333333334,0.5333333333333333,0.0,0.0,0.0,0.4533333333333333,0.0,0.0,0.0,0.0,0.0,1.0,0.0,0.0,0.0,0.0
82036800-01,2006,0.0,0.0,0.0,1.0,0.0,0.0,0.0,0.0,0.0,0.0,0.0,0.0,0.0,1.0,0.0,0.0,0.0,0.0
27004201-01,2004,0.0,0.0,0.0,1.0,0.0,0.0,0.0,0.0,0.0,0.0,0.0,0.0,0.0,1.0,0.0,0.0,0.0,0.0
82008700-01,2007,0.0,0.0,0.0,1.0,0.0,0.0,0.0,0.0,0.0,0.0,0.0,0.0,0.0,1.0,0.0,0.0,0.0,0.0
82036800-01,2009,0.0,0.0,0.0,1.0,0.0,0.0,0.0,0.0,0.0,0.0,0.0,0.0,0.0,1.0,0.0,0.0,0.0,0.0
27071100-01,2012,0.6662731208185754,0.49212908303817393,0.0,0.44510035419126326,0.5548996458087367,0.0,0.0,0.0,0.0,0.0,0.0,0.0,0.0,1.0,0.0,0.0,0.0,0.0
27005300-01,2009,0.6987109160724081,0.008502468458584751,0.0,0.45501919912232586,0.5449808008776742,0.0,0.0,0.0,0.0,0.0,0.0,0.0,0.0,1.0,0.0,0.0,0.0,0.0
82033400-01,2011,0.6125,0.6375,0.0,0.3625,0.0,0.0875,0.55,0.0,0.0,0.0,0.0,0.0,0.0,0.3625,0.0,0.6375,0.0,0.0
27004201-01,2010,0.9136878814298169,0.036617262423714034,0.0,0.24891020052310375,0.7510897994768962,0.0,0.0,0.0,0.0,0.0,0.0,0.0,0.0,1.0,0.0,0.0,0.0,0.0
27007000-01,2012,0.269586814179273,0.05238202754572138,0.0,0.743057123504177,0.256942876495823,0.0,0.0,0.0,0.0,0.0,0.0,0.0,0.0,1.0,0.0,0.0,0.0,0.0
82008700-01,2010,0.8181818181818182,0.8251748251748252,0.0,0.26573426573426573,0.0,0.0,0.7342657342657343,0.0,0.0,0.0,0.0,0.0,0.0,0.17482517482517482,0.0,0.752913752913753,0.07226107226107226,0.0
27062700-01,2012,0.9135035981374348,0.8810498095103712,0.0,0.19147735289967546,0.8085226471003245,0.0,0.0,0.0,0.0,0.0,0.0,0.0,0.0,1.0,0.0,0.0,0.0,0.0
82003400-01,2006,0.0,0.0,0.0,1.0,0.0,0.0,0.0,0.0,0.0,0.0,0.0,0.0,0.0,1.0,0.0,0.0,0.0,0.0
82009200-01,2009,0.0,0.0,0.0,1.0,0.0,0.0,0.0,0.0,0.0,0.0,0.0,0.0,0.0,1.0,0.0,0.0,0.0,0.0
10001100-01,2006,0.87248322147651,0.0,0.006711409395973154,0.14630872483221477,0.0,0.0,0.0,0.8469798657718121,0.0,0.0,0.0,0.0,0.0,1.0,0.0,0.0,0.0,0.0
82013700-01,2008,0.018163471241170535,0.4803229061553986,0.03632694248234107,0.5176589303733602,0.0,0.0,0.0,0.0,0.44601412714429867,0.0,0.0,0.0,0.0,0.5186680121089808,0.48133198789101916,0.0,0.0,0.0
82007700-01,2009,0.0,0.0,0.0,1.0,0.0,0.0,0.0,0.0,0.0,0.0,0.0,0.0,0.0,1.0,0.0,0.0,0.0,0.0
82008700-01,2004,0.0,0.0,0.0,1.0,0.0,0.0,0.0,0.0,0.0,0.0,0.0,0.0,0.0,1.0,0.0,0.0,0.0,0.0
82033400-01,2012,0.6125,0.6375,0.0,0.3625,0.0,0.075,0.5625,0.0,0.0,0.0,0.0,0.0,0.0,0.3625,0.0,0.6375,0.0,0.0
70002600-01,2014,0.0,0.0,0.0,1.0,0.0,0.0,0.0,0.0,0.0,0.0,0.0,0.0,0.0,1.0,0.0,0.0,0.0,0.0
27005300-01,2014,0.7213338800054667,0.4955582889162225,0.0,0.3070930709307093,0.5417520841875085,0.15115484488178216,0.0,0.0,0.0,0.0,0.0,0.0,0.0,1.0,0.0,0.0,0.0,0.0
10012100-01,2011,0.6349206349206349,0.0,0.015873015873015872,0.5634920634920635,0.0,0.0,0.0,0.42063492063492064,0.0,0.0,0.0,0.0,0.0,1.0,0.0,0.0,0.0,0.0
82010400-01,2007,0.0,0.0,0.0,1.0,0.0,0.0,0.0,0.0,0.0,0.0,0.0,0.0,0.0,1.0,0.0,0.0,0.0,0.0
10001100-01,2012,0.8988015978695073,0.0,0.007989347536617843,0.1318242343541944,0.0,0.0,0.0,0.8601864181091877,0.0,0.0,0.0,0.0,0.0,1.0,0.0,0.0,0.0,0.0
70002600-01,2005,0.0,0.0,0.0,1.0,0.0,0.0,0.0,0.0,0.0,0.0,0.0,0.0,0.0,1.0,0.0,0.0,0.0,0.0
10001900-01,2004,0.665884561238855,0.0,0.0,1.0,0.0,0.0,0.0,0.0,0.0,0.0,0.0,0.0,0.0,1.0,0.0,0.0,0.0,0.0
10001900-01,2013,0.7205349679576484,0.0,0.01058790749512399,0.2663694622457509,0.0,0.0,0.0,0.7230426302591251,0.0,0.0,0.0,0.0,0.0,1.0,0.0,0.0,0.0,0.0
10001900-01,2005,0.6667941851568477,0.0,0.0045906656465187455,0.40321346595256313,0.0,0.0,0.0,0.5921958684009181,0.0,0.0,0.0,0.0,0.0,1.0,0.0,0.0,0.0,0.0
27062700-01,2011,0.9006622516556292,0.15894039735099338,0.0,0.1948710722840637,0.8051289277159364,0.0,0.0,0.0,0.0,0.0,0.0,0.0,0.0,1.0,0.0,0.0,0.0,0.0
82015900-01,2007,0.0,0.0,0.0,1.0,0.0,0.0,0.0,0.0,0.0,0.0,0.0,0.0,0.0,1.0,0.0,0.0,0.0,0.0
82011602-01,2006,0.0,0.0,0.0,1.0,0.0,0.0,0.0,0.0,0.0,0.0,0.0,0.0,0.0,1.0,0.0,0.0,0.0,0.0
27005300-01,2011,0.6954557897618396,0.008486175745962223,0.0,0.45729537366548045,0.5427046263345195,0.0,0.0,0.0,0.0,0.0,0.0,0.0,0.0,1.0,0.0,0.0,0.0,0.0
82005400-01,2006,0.0,0.0,0.0,1.0,0.0,0.0,0.0,0.0,0.0,0.0,0.0,0.0,0.0,1.0,0.0,0.0,0.0,0.0
19002400-01,2004,0.0,0.0,0.0,1.0,0.0,0.0,0.0,0.0,0.0,0.0,0.0,0.0,0.0,0.09010736196319018,0.15682515337423314,0.0,0.4700920245398773,0.28297546012269936
82009002-01,2005,0.0,0.0,0.0,1.0,0.0,0.0,0.0,0.0,0.0,0.0,0.0,0.0,0.0,1.0,0.0,0.0,0.0,0.0
10005200-01,2006,0.5144927536231884,0.0,0.007246376811594203,0.5978260869565217,0.0,0.0,0.0,0.39492753623188404,0.0,0.0,0.0,0.0,0.0,1.0,0.0,0.0,0.0,0.0
10000200-01,2013,0.195416164053076,0.028950542822677925,0.009650180940892641,0.8069963811821471,0.09891435464414958,0.014475271411338963,0.0,0.06996381182147166,0.0,0.0,0.0,0.0,0.0,1.0,0.0,0.0,0.0,0.0
27003501-01,2014,0.669573060733614,0.6545399879735417,0.0,0.26007215874924833,0.5850871918220084,0.15484064942874323,0.0,0.0,0.0,0.0,0.0,0.0,0.0,1.0,0.0,0.0,0.0,0.0
10000200-01,2004,0.014577259475218658,0.0,0.0,1.0,0.0,0.0,0.0,0.0,0.0,0.0,0.0,0.0,0.0,1.0,0.0,0.0,0.0,0.0
82015900-01,2004,0.0,0.0,0.0,1.0,0.0,0.0,0.0,0.0,0.0,0.0,0.0,0.0,0.0,1.0,0.0,0.0,0.0,0.0
82011602-01,2007,0.0,0.0,0.0,1.0,0.0,0.0,0.0,0.0,0.0,0.0,0.0,0.0,0.0,1.0,0.0,0.0,0.0,0.0
10005200-01,2005,0.7251908396946565,0.0,0.010178117048346057,0.4402035623409669,0.0,0.0,0.0,0.549618320610687,0.0,0.0,0.0,0.0,0.0,1.0,0.0,0.0,0.0,0.0
27004201-01,2007,0.0,0.0,0.0,1.0,0.0,0.0,0.0,0.0,0.0,0.0,0.0,0.0,0.0,1.0,0.0,0.0,0.0,0.0
19002100-01,2010,0.0,0.0,0.0,1.0,0.0,0.0,0.0,0.0,0.0,0.0,0.0,0.0,0.0,0.061714909885308575,0.03659202621518296,0.0,0.2867285636264336,0.6149645002730748
19034800-01,2008,0.0,0.0,0.0,1.0,0.0,0.0,0.0,0.0,0.0,0.0,0.0,0.0,0.0,0.026879891119428376,0.09390949302483838,0.0,0.3611772711806737,0.5180333446750596
10001900-01,2008,0.3499831252109349,0.0,0.010799865001687479,0.29665879176510296,0.0,0.0,0.0,0.6925413432332096,0.0,0.0,0.0,0.0,0.0,1.0,0.0,0.0,0.0,0.0
82012300-01,2011,0.6987951807228916,0.7771084337349398,0.0,0.22289156626506024,0.0,0.0963855421686747,0.6807228915662651,0.0,0.0,0.0,0.0,0.0,0.0,0.22289156626506024,0.0,0.7771084337349398,0.0,0.0
27071100-01,2006,0.0,0.0,0.0,1.0,0.0,0.0,0.0,0.0,0.0,0.0,0.0,0.0,0.0,1.0,0.0,0.0,0.0,0.0
82015900-01,2009,0.0,0.0,0.0,1.0,0.0,0.0,0.0,0.0,0.0,0.0,0.0,0.0,0.0,1.0,0.0,0.0,0.0,0.0
82005400-01,2004,0.0,0.0,0.0,1.0,0.0,0.0,0.0,0.0,0.0,0.0,0.0,0.0,0.0,1.0,0.0,0.0,0.0,0.0
82007700-01,2012,0.7653061224489796,0.7857142857142857,0.0,0.21428571428571427,0.0,0.20408163265306123,0.5816326530612245,0.0,0.0,0.0,0.0,0.0,0.0,0.21428571428571427,0.0,0.7857142857142857,0.0,0.0
27007000-01,2013,0.26985559566787004,0.052346570397111915,0.0,0.7319494584837545,0.2572202166064982,0.010830324909747292,0.0,0.0,0.0,0.0,0.0,0.0,0.0,1.0,0.0,0.0,0.0,0.0
82005400-01,2005,0.0,0.0,0.0,1.0,0.0,0.0,0.0,0.0,0.0,0.0,0.0,0.0,0.0,1.0,0.0,0.0,0.0,0.0
27004201-01,2013,0.9219765929778934,0.6025140875596012,0.0,0.10547608727062563,0.7519144632278573,0.14260944950151713,0.0,0.0,0.0,0.0,0.0,0.0,0.0,1.0,0.0,0.0,0.0,0.0
02000500-01,2008,0.0,0.7357555739058629,0.0,1.0,0.0,0.0,0.0,0.0,0.0,0.0,0.0,0.0,0.0,0.0,1.0,0.0,0.0,0.0
27071100-01,2013,0.6616630456251235,0.4921983014023306,0.0,0.34900256764763976,0.5506616630456251,0.10033576930673514,0.0,0.0,0.0,0.0,0.0,0.0,0.0,1.0,0.0,0.0,0.0,0.0
82009400-01,2008,0.0,0.0,0.0,1.0,0.0,0.0,0.0,0.0,0.0,0.0,0.0,0.0,0.0,1.0,0.0,0.0,0.0,0.0
10012100-01,2014,0.6434108527131783,0.0,0.0,0.5658914728682171,0.0,0.0,0.0,0.43410852713178294,0.0,0.0,0.0,0.0,0.0,1.0,0.0,0.0,0.0,0.0
27003501-01,2009,0.7004524886877828,0.1755656108597285,0.0,0.3900452488687783,0.6099547511312218,0.0,0.0,0.0,0.0,0.0,0.0,0.0,0.0,1.0,0.0,0.0,0.0,0.0
82012200-01,2004,0.0,0.0,0.0,1.0,0.0,0.0,0.0,0.0,0.0,0.0,0.0,0.0,0.0,1.0,0.0,0.0,0.0,0.0
82012300-01,2014,0.6987951807228916,0.7771084337349398,0.0,0.22289156626506024,0.0,0.0963855421686747,0.6807228915662651,0.0,0.0,0.0,0.0,0.0,0.0,0.22289156626506024,0.0,0.7771084337349398,0.0,0.0
82009200-01,2005,0.0,0.0,0.0,1.0,0.0,0.0,0.0,0.0,0.0,0.0,0.0,0.0,0.0,1.0,0.0,0.0,0.0,0.0
82009200-01,2007,0.0,0.0,0.0,1.0,0.0,0.0,0.0,0.0,0.0,0.0,0.0,0.0,0.0,1.0,0.0,0.0,0.0,0.0
27062700-01,2008,0.0,0.0,0.0,1.0,0.0,0.0,0.0,0.0,0.0,0.0,0.0,0.0,0.0,1.0,0.0,0.0,0.0,0.0
10012100-01,2012,0.6511627906976745,0.0,0.0,0.5658914728682171,0.0,0.0,0.0,0.43410852713178294,0.0,0.0,0.0,0.0,0.0,1.0,0.0,0.0,0.0,0.0
82008900-01,2004,0.0,0.0,0.0,1.0,0.0,0.0,0.0,0.0,0.0,0.0,0.0,0.0,0.0,1.0,0.0,0.0,0.0,0.0
82009400-01,2004,0.0,0.0,0.0,1.0,0.0,0.0,0.0,0.0,0.0,0.0,0.0,0.0,0.0,1.0,0.0,0.0,0.0,0.0
82005400-01,2012,0.5911330049261084,0.645320197044335,0.0,0.35467980295566504,0.0,0.12807881773399016,0.5172413793103449,0.0,0.0,0.0,0.0,0.0,0.0,0.35467980295566504,0.0,0.645320197044335,0.0,0.0
82012200-01,2008,0.0,0.0,0.0,1.0,0.0,0.0,0.0,0.0,0.0,0.0,0.0,0.0,0.0,1.0,0.0,0.0,0.0,0.0
82012300-01,2006,0.0,0.0,0.0,1.0,0.0,0.0,0.0,0.0,0.0,0.0,0.0,0.0,0.0,1.0,0.0,0.0,0.0,0.0
82007700-01,2010,0.7448979591836735,0.7653061224489796,0.0,0.4489795918367347,0.0,0.0,0.5510204081632653,0.0,0.0,0.0,0.0,0.0,0.0,0.23469387755102042,0.0,0.7653061224489796,0.0,0.0
82036800-01,2004,0.0,0.0,0.0,1.0,0.0,0.0,0.0,0.0,0.0,0.0,0.0,0.0,0.0,1.0,0.0,0.0,0.0,0.0
70002600-01,2009,0.0,0.0,0.0,1.0,0.0,0.0,0.0,0.0,0.0,0.0,0.0,0.0,0.0,1.0,0.0,0.0,0.0,0.0
82012300-01,2012,0.6987951807228916,0.7771084337349398,0.0,0.22289156626506024,0.0,0.0963855421686747,0.6807228915662651,0.0,0.0,0.0,0.0,0.0,0.0,0.22289156626506024,0.0,0.7771084337349398,0.0,0.0
82011602-01,2008,0.0,0.0,0.0,1.0,0.0,0.0,0.0,0.0,0.0,0.0,0.0,0.0,0.0,1.0,0.0,0.0,0.0,0.0
27007000-01,2010,0.2694300518134715,0.0,0.0,0.7431854021175941,0.25681459788240596,0.0,0.0,0.0,0.0,0.0,0.0,0.0,0.0,1.0,0.0,0.0,0.0,0.0
82005400-01,2008,0.0,0.0,0.0,1.0,0.0,0.0,0.0,0.0,0.0,0.0,0.0,0.0,0.0,1.0,0.0,0.0,0.0,0.0
27007000-01,2009,0.2694300518134715,0.0,0.0,0.7431854021175941,0.25681459788240596,0.0,0.0,0.0,0.0,0.0,0.0,0.0,0.0,1.0,0.0,0.0,0.0,0.0
27007000-01,2006,0.0,0.0,0.0,1.0,0.0,0.0,0.0,0.0,0.0,0.0,0.0,0.0,0.0,1.0,0.0,0.0,0.0,0.0
82008700-01,2008,0.0,0.0,0.0,1.0,0.0,0.0,0.0,0.0,0.0,0.0,0.0,0.0,0.0,1.0,0.0,0.0,0.0,0.0
82010300-01,2008,0.0,0.0,0.0,1.0,0.0,0.0,0.0,0.0,0.0,0.0,0.0,0.0,0.0,1.0,0.0,0.0,0.0,0.0
82010300-01,2009,0.0,0.0,0.0,1.0,0.0,0.0,0.0,0.0,0.0,0.0,0.0,0.0,0.0,1.0,0.0,0.0,0.0,0.0
02000500-01,2012,0.7033968516984258,0.7017398508699254,0.0,1.0,0.0,0.0,0.0,0.0,0.0,0.0,0.0,0.0,0.0,0.0,1.0,0.0,0.0,0.0
82012200-01,2005,0.0,0.0,0.0,1.0,0.0,0.0,0.0,0.0,0.0,0.0,0.0,0.0,0.0,1.0,0.0,0.0,0.0,0.0
82010400-01,2008,0.0,0.0,0.0,1.0,0.0,0.0,0.0,0.0,0.0,0.0,0.0,0.0,0.0,1.0,0.0,0.0,0.0,0.0
82010400-01,2009,0.0,0.0,0.0,1.0,0.0,0.0,0.0,0.0,0.0,0.0,0.0,0.0,0.0,1.0,0.0,0.0,0.0,0.0
10012100-01,2009,0.336,0.0,0.0,0.576,0.0,0.0,0.0,0.424,0.0,0.0,0.0,0.0,0.0,1.0,0.0,0.0,0.0,0.0
82033400-01,2008,0.0,0.0,0.0,1.0,0.0,0.0,0.0,0.0,0.0,0.0,0.0,0.0,0.0,1.0,0.0,0.0,0.0,0.0
27004201-01,2014,0.8913388096267474,0.6023922755440265,0.0,0.10894941634241245,0.7515492145842341,0.1395013690733535,0.0,0.0,0.0,0.0,0.0,0.0,0.0,1.0,0.0,0.0,0.0,0.0
82009200-01,2004,0.0,0.0,0.0,1.0,0.0,0.0,0.0,0.0,0.0,0.0,0.0,0.0,0.0,1.0,0.0,0.0,0.0,0.0
70002600-01,2012,0.0,0.0,0.0,1.0,0.0,0.0,0.0,0.0,0.0,0.0,0.0,0.0,0.0,1.0,0.0,0.0,0.0,0.0
10001100-01,2009,0.4521276595744681,0.0,0.006648936170212766,0.1356382978723404,0.0,0.0,0.0,0.8577127659574468,0.0,0.0,0.0,0.0,0.0,1.0,0.0,0.0,0.0,0.0
82008700-01,2006,0.0,0.0,0.0,1.0,0.0,0.0,0.0,0.0,0.0,0.0,0.0,0.0,0.0,1.0,0.0,0.0,0.0,0.0
82002000-01,2009,0.0,0.0,0.0,1.0,0.0,0.0,0.0,0.0,0.0,0.0,0.0,0.0,0.0,1.0,0.0,0.0,0.0,0.0
10009500-01,2014,0.6258503401360545,0.0,0.027210884353741496,0.4897959183673469,0.0,0.0,0.0,0.48299319727891155,0.0,0.0,0.0,0.0,0.0,1.0,0.0,0.0,0.0,0.0
10001100-01,2008,0.45225464190981435,0.0,0.006631299734748011,0.14588859416445624,0.0,0.0,0.0,0.8474801061007957,0.0,0.0,0.0,0.0,0.0,1.0,0.0,0.0,0.0,0.0
82009200-01,2006,0.0,0.0,0.0,1.0,0.0,0.0,0.0,0.0,0.0,0.0,0.0,0.0,0.0,1.0,0.0,0.0,0.0,0.0
27003501-01,2006,0.0,0.0,0.0,1.0,0.0,0.0,0.0,0.0,0.0,0.0,0.0,0.0,0.0,1.0,0.0,0.0,0.0,0.0
82009400-01,2005,0.0,0.0,0.0,1.0,0.0,0.0,0.0,0.0,0.0,0.0,0.0,0.0,0.0,1.0,0.0,0.0,0.0,0.0
10009500-01,2007,0.3333333333333333,0.0,0.02666666666666667,0.52,0.0,0.0,0.0,0.4533333333333333,0.0,0.0,0.0,0.0,0.0,1.0,0.0,0.0,0.0,0.0
82012300-01,2005,0.0,0.0,0.0,1.0,0.0,0.0,0.0,0.0,0.0,0.0,0.0,0.0,0.0,1.0,0.0,0.0,0.0,0.0
27005300-01,2004,0.0,0.0,0.0,1.0,0.0,0.0,0.0,0.0,0.0,0.0,0.0,0.0,0.0,1.0,0.0,0.0,0.0,0.0
27071100-01,2011,0.6483820047355959,0.05169692186266772,0.0,0.44554064719810577,0.5544593528018943,0.0,0.0,0.0,0.0,0.0,0.0,0.0,0.0,1.0,0.0,0.0,0.0,0.0
82012300-01,2008,0.0,0.0,0.0,1.0,0.0,0.0,0.0,0.0,0.0,0.0,0.0,0.0,0.0,1.0,0.0,0.0,0.0,0.0
10009500-01,2012,0.6143790849673203,0.0,0.026143790849673203,0.5098039215686274,0.0,0.0,0.0,0.46405228758169936,0.0,0.0,0.0,0.0,0.0,1.0,0.0,0.0,0.0,0.0
82009700-01,2005,0.0,0.0018270401948842874,0.001218026796589525,0.9981729598051157,0.0,0.0,0.0,0.0,0.0006090133982947625,0.0,0.0,0.0,0.0,0.9981729598051157,0.0018270401948842874,0.0,0.0,0.0
27003501-01,2013,0.8028296207104154,0.6553281155930163,0.0,0.2254665863937387,0.6134858518964479,0.16104756170981335,0.0,0.0,0.0,0.0,0.0,0.0,0.0,1.0,0.0,0.0,0.0,0.0
27062700-01,2013,0.9135035981374348,0.8810498095103712,0.0,0.10850853675744321,0.8085226471003245,0.08296881614223225,0.0,0.0,0.0,0.0,0.0,0.0,0.0,1.0,0.0,0.0,0.0,0.0
82010400-01,2005,0.0,0.0,0.0,1.0,0.0,0.0,0.0,0.0,0.0,0.0,0.0,0.0,0.0,1.0,0.0,0.0,0.0,0.0
82011301-01,2004,0.0,0.0,0.0,1.0,0.0,0.0,0.0,0.0,0.0,0.0,0.0,0.0,0.0,1.0,0.0,0.0,0.0,0.0
27003501-01,2007,0.0,0.0,0.0,1.0,0.0,0.0,0.0,0.0,0.0,0.0,0.0,0.0,0.0,1.0,0.0,0.0,0.0,0.0
82012200-01,2007,0.0,0.0,0.0,1.0,0.0,0.0,0.0,0.0,0.0,0.0,0.0,0.0,0.0,1.0,0.0,0.0,0.0,0.0
27004201-01,2012,0.9194640541708687,0.600777985880997,0.0,0.25010805359458294,0.7498919464054171,0.0,0.0,0.0,0.0,0.0,0.0,0.0,0.0,1.0,0.0,0.0,0.0,0.0
10009500-01,2011,0.6266666666666667,0.0,0.013333333333333334,0.5133333333333333,0.0,0.0,0.0,0.47333333333333333,0.0,0.0,0.0,0.0,0.0,1.0,0.0,0.0,0.0,0.0
82007700-01,2007,0.0,0.0,0.0,1.0,0.0,0.0,0.0,0.0,0.0,0.0,0.0,0.0,0.0,1.0,0.0,0.0,0.0,0.0
27007000-01,2007,0.0,0.0,0.0,1.0,0.0,0.0,0.0,0.0,0.0,0.0,0.0,0.0,0.0,1.0,0.0,0.0,0.0,0.0
10005200-01,2011,0.4372574385510996,0.0,0.00517464424320828,0.6403622250970246,0.0,0.0,0.0,0.35446313065976714,0.0,0.0,0.0,0.0,0.0,1.0,0.0,0.0,0.0,0.0
82033400-01,2009,0.0,0.0,0.0,1.0,0.0,0.0,0.0,0.0,0.0,0.0,0.0,0.0,0.0,1.0,0.0,0.0,0.0,0.0
27003501-01,2008,0.0,0.0,0.0,1.0,0.0,0.0,0.0,0.0,0.0,0.0,0.0,0.0,0.0,1.0,0.0,0.0,0.0,0.0
82012300-01,2004,0.0,0.0,0.0,1.0,0.0,0.0,0.0,0.0,0.0,0.0,0.0,0.0,0.0,1.0,0.0,0.0,0.0,0.0
27071100-01,2004,0.0,0.0,0.0,1.0,0.0,0.0,0.0,0.0,0.0,0.0,0.0,0.0,0.0,1.0,0.0,0.0,0.0,0.0
82010400-01,2006,0.0,0.0,0.0,1.0,0.0,0.0,0.0,0.0,0.0,0.0,0.0,0.0,0.0,1.0,0.0,0.0,0.0,0.0
27004201-01,2005,0.0,0.0,0.0,1.0,0.0,0.0,0.0,0.0,0.0,0.0,0.0,0.0,0.0,1.0,0.0,0.0,0.0,0.0
82015300-01,2004,0.0,0.0,0.0,1.0,0.0,0.0,0.0,0.0,0.0,0.0,0.0,0.0,0.0,1.0,0.0,0.0,0.0,0.0
10012100-01,2006,0.6260162601626016,0.0,0.0,0.5691056910569106,0.0,0.0,0.0,0.43089430894308944,0.0,0.0,0.0,0.0,0.0,1.0,0.0,0.0,0.0,0.0
27062700-01,2010,0.9006622516556292,0.15894039735099338,0.0,0.1948710722840637,0.8051289277159364,0.0,0.0,0.0,0.0,0.0,0.0,0.0,0.0,1.0,0.0,0.0,0.0,0.0
10001100-01,2014,0.8954248366013072,0.0,0.01045751633986928,0.12941176470588237,0.0,0.0,0.0,0.8601307189542484,0.0,0.0,0.0,0.0,0.0,1.0,0.0,0.0,0.0,0.0
82008900-01,2007,0.0,0.0,0.0,1.0,0.0,0.0,0.0,0.0,0.0,0.0,0.0,0.0,0.0,1.0,0.0,0.0,0.0,0.0
82036800-01,2008,0.0,0.0,0.0,1.0,0.0,0.0,0.0,0.0,0.0,0.0,0.0,0.0,0.0,1.0,0.0,0.0,0.0,0.0
10009500-01,2005,0.6418918918918919,0.0,0.02702702702702703,0.5135135135135135,0.0,0.0,0.0,0.4594594594594595,0.0,0.0,0.0,0.0,0.0,1.0,0.0,0.0,0.0,0.0
70002600-01,2010,0.0,0.0,0.0,1.0,0.0,0.0,0.0,0.0,0.0,0.0,0.0,0.0,0.0,1.0,0.0,0.0,0.0,0.0
